vars,sitename,X,Y
SAL,IMOS_amnmadcp_NRSROT_PROFILE_Fixed_2,115.400000,-32.000000
SAL,IMOS_amnmadcp_WACA20_PROFILE_Fixed_5,115.227600,-31.983300
SAL,IMOS_amnmprofile_NRSROT_PROFILE_Profile_11,115.400000,-32.000000
SAL,IMOS_BGC_NRSROT_BGC_Profile_61,115.416700,-32.000000
TEMP,IMOS_amnmadcp_NRSROT_PROFILE_Fixed_3,115.400000,-32.000000
TEMP,IMOS_amnmadcp_WACA20_PROFILE_Fixed_6,115.227600,-31.983300
TEMP,IMOS_amnmprofile_NRSROT_PROFILE_Profile_13,115.400000,-32.000000
TEMP,IMOS_SRS_L3S_IMOS_SRS_L3S_CS_Outer_10_16_Floating_69,115.449997,-31.709999
TEMP,IMOS_SRS_L3S_IMOS_SRS_L3S_CS_Outer_10_17_Floating_70,115.449997,-31.730000
TEMP,IMOS_SRS_L3S_IMOS_SRS_L3S_CS_Outer_10_18_Floating_71,115.449997,-31.750000
TEMP,IMOS_SRS_L3S_IMOS_SRS_L3S_CS_Outer_10_19_Floating_72,115.449997,-31.770000
TEMP,IMOS_SRS_L3S_IMOS_SRS_L3S_CS_Outer_10_20_Floating_73,115.449997,-31.790001
TEMP,IMOS_SRS_L3S_IMOS_SRS_L3S_CS_Outer_10_21_Floating_74,115.449997,-31.809999
TEMP,IMOS_SRS_L3S_IMOS_SRS_L3S_CS_Outer_10_22_Floating_75,115.449997,-31.830000
TEMP,IMOS_SRS_L3S_IMOS_SRS_L3S_CS_Outer_10_23_Floating_76,115.449997,-31.850000
TEMP,IMOS_SRS_L3S_IMOS_SRS_L3S_CS_Outer_10_24_Floating_77,115.449997,-31.870001
TEMP,IMOS_SRS_L3S_IMOS_SRS_L3S_CS_Outer_10_25_Floating_78,115.449997,-31.889999
TEMP,IMOS_SRS_L3S_IMOS_SRS_L3S_CS_Outer_10_26_Floating_79,115.449997,-31.910000
TEMP,IMOS_SRS_L3S_IMOS_SRS_L3S_CS_Outer_10_27_Floating_80,115.449997,-31.930000
TEMP,IMOS_SRS_L3S_IMOS_SRS_L3S_CS_Outer_10_28_Floating_81,115.449997,-31.950001
TEMP,IMOS_SRS_L3S_IMOS_SRS_L3S_CS_Outer_10_29_Floating_82,115.449997,-31.969999
TEMP,IMOS_SRS_L3S_IMOS_SRS_L3S_CS_Outer_10_33_Floating_83,115.449997,-32.049999
TEMP,IMOS_SRS_L3S_IMOS_SRS_L3S_CS_Outer_10_34_Floating_84,115.449997,-32.070000
TEMP,IMOS_SRS_L3S_IMOS_SRS_L3S_CS_Outer_10_35_Floating_85,115.449997,-32.090000
TEMP,IMOS_SRS_L3S_IMOS_SRS_L3S_CS_Outer_10_36_Floating_86,115.449997,-32.110001
TEMP,IMOS_SRS_L3S_IMOS_SRS_L3S_CS_Outer_10_37_Floating_87,115.449997,-32.130001
TEMP,IMOS_SRS_L3S_IMOS_SRS_L3S_CS_Outer_10_38_Floating_88,115.449997,-32.150002
TEMP,IMOS_SRS_L3S_IMOS_SRS_L3S_CS_Outer_10_39_Floating_89,115.449997,-32.169998
TEMP,IMOS_SRS_L3S_IMOS_SRS_L3S_CS_Outer_10_40_Floating_90,115.449997,-32.189999
TEMP,IMOS_SRS_L3S_IMOS_SRS_L3S_CS_Outer_10_41_Floating_91,115.449997,-32.209999
TEMP,IMOS_SRS_L3S_IMOS_SRS_L3S_CS_Outer_10_42_Floating_92,115.449997,-32.230000
TEMP,IMOS_SRS_L3S_IMOS_SRS_L3S_CS_Outer_10_43_Floating_93,115.449997,-32.250000
TEMP,IMOS_SRS_L3S_IMOS_SRS_L3S_CS_Outer_10_44_Floating_94,115.449997,-32.270000
TEMP,IMOS_SRS_L3S_IMOS_SRS_L3S_CS_Outer_10_45_Floating_95,115.449997,-32.290001
TEMP,IMOS_SRS_L3S_IMOS_SRS_L3S_CS_Outer_10_46_Floating_96,115.449997,-32.310001
TEMP,IMOS_SRS_L3S_IMOS_SRS_L3S_CS_Outer_10_47_Floating_97,115.449997,-32.330002
TEMP,IMOS_SRS_L3S_IMOS_SRS_L3S_CS_Outer_10_48_Floating_98,115.449997,-32.349998
TEMP,IMOS_SRS_L3S_IMOS_SRS_L3S_CS_Outer_10_49_Floating_99,115.449997,-32.369999
TEMP,IMOS_SRS_L3S_IMOS_SRS_L3S_CS_Outer_10_50_Floating_100,115.449997,-32.389999
TEMP,IMOS_SRS_L3S_IMOS_SRS_L3S_CS_Outer_10_51_Floating_101,115.449997,-32.410000
TEMP,IMOS_SRS_L3S_IMOS_SRS_L3S_CS_Outer_10_52_Floating_102,115.449997,-32.430000
TEMP,IMOS_SRS_L3S_IMOS_SRS_L3S_CS_Outer_10_53_Floating_103,115.449997,-32.450001
TEMP,IMOS_SRS_L3S_IMOS_SRS_L3S_CS_Outer_10_54_Floating_104,115.449997,-32.470001
TEMP,IMOS_SRS_L3S_IMOS_SRS_L3S_CS_Outer_10_55_Floating_105,115.449997,-32.490002
TEMP,IMOS_SRS_L3S_IMOS_SRS_L3S_CS_Outer_10_56_Floating_106,115.449997,-32.509998
TEMP,IMOS_SRS_L3S_IMOS_SRS_L3S_CS_Outer_10_57_Floating_107,115.449997,-32.529999
TEMP,IMOS_SRS_L3S_IMOS_SRS_L3S_CS_Outer_10_58_Floating_108,115.449997,-32.549999
TEMP,IMOS_SRS_L3S_IMOS_SRS_L3S_CS_Outer_10_59_Floating_109,115.449997,-32.570000
TEMP,IMOS_SRS_L3S_IMOS_SRS_L3S_CS_Outer_10_60_Floating_110,115.449997,-32.590000
TEMP,IMOS_SRS_L3S_IMOS_SRS_L3S_CS_Outer_10_61_Floating_111,115.449997,-32.610001
TEMP,IMOS_SRS_L3S_IMOS_SRS_L3S_CS_Outer_10_62_Floating_112,115.449997,-32.630001
TEMP,IMOS_SRS_L3S_IMOS_SRS_L3S_CS_Outer_11_16_Floating_113,115.470001,-31.709999
TEMP,IMOS_SRS_L3S_IMOS_SRS_L3S_CS_Outer_11_17_Floating_114,115.470001,-31.730000
TEMP,IMOS_SRS_L3S_IMOS_SRS_L3S_CS_Outer_11_18_Floating_115,115.470001,-31.750000
TEMP,IMOS_SRS_L3S_IMOS_SRS_L3S_CS_Outer_11_19_Floating_116,115.470001,-31.770000
TEMP,IMOS_SRS_L3S_IMOS_SRS_L3S_CS_Outer_11_20_Floating_117,115.470001,-31.790001
TEMP,IMOS_SRS_L3S_IMOS_SRS_L3S_CS_Outer_11_21_Floating_118,115.470001,-31.809999
TEMP,IMOS_SRS_L3S_IMOS_SRS_L3S_CS_Outer_11_22_Floating_119,115.470001,-31.830000
TEMP,IMOS_SRS_L3S_IMOS_SRS_L3S_CS_Outer_11_23_Floating_120,115.470001,-31.850000
TEMP,IMOS_SRS_L3S_IMOS_SRS_L3S_CS_Outer_11_24_Floating_121,115.470001,-31.870001
TEMP,IMOS_SRS_L3S_IMOS_SRS_L3S_CS_Outer_11_25_Floating_122,115.470001,-31.889999
TEMP,IMOS_SRS_L3S_IMOS_SRS_L3S_CS_Outer_11_26_Floating_123,115.470001,-31.910000
TEMP,IMOS_SRS_L3S_IMOS_SRS_L3S_CS_Outer_11_27_Floating_124,115.470001,-31.930000
TEMP,IMOS_SRS_L3S_IMOS_SRS_L3S_CS_Outer_11_28_Floating_125,115.470001,-31.950001
TEMP,IMOS_SRS_L3S_IMOS_SRS_L3S_CS_Outer_11_29_Floating_126,115.470001,-31.969999
TEMP,IMOS_SRS_L3S_IMOS_SRS_L3S_CS_Outer_11_33_Floating_127,115.470001,-32.049999
TEMP,IMOS_SRS_L3S_IMOS_SRS_L3S_CS_Outer_11_34_Floating_128,115.470001,-32.070000
TEMP,IMOS_SRS_L3S_IMOS_SRS_L3S_CS_Outer_11_35_Floating_129,115.470001,-32.090000
TEMP,IMOS_SRS_L3S_IMOS_SRS_L3S_CS_Outer_11_36_Floating_130,115.470001,-32.110001
TEMP,IMOS_SRS_L3S_IMOS_SRS_L3S_CS_Outer_11_37_Floating_131,115.470001,-32.130001
TEMP,IMOS_SRS_L3S_IMOS_SRS_L3S_CS_Outer_11_38_Floating_132,115.470001,-32.150002
TEMP,IMOS_SRS_L3S_IMOS_SRS_L3S_CS_Outer_11_39_Floating_133,115.470001,-32.169998
TEMP,IMOS_SRS_L3S_IMOS_SRS_L3S_CS_Outer_11_40_Floating_134,115.470001,-32.189999
TEMP,IMOS_SRS_L3S_IMOS_SRS_L3S_CS_Outer_11_41_Floating_135,115.470001,-32.209999
TEMP,IMOS_SRS_L3S_IMOS_SRS_L3S_CS_Outer_11_42_Floating_136,115.470001,-32.230000
TEMP,IMOS_SRS_L3S_IMOS_SRS_L3S_CS_Outer_11_43_Floating_137,115.470001,-32.250000
TEMP,IMOS_SRS_L3S_IMOS_SRS_L3S_CS_Outer_11_44_Floating_138,115.470001,-32.270000
TEMP,IMOS_SRS_L3S_IMOS_SRS_L3S_CS_Outer_11_45_Floating_139,115.470001,-32.290001
TEMP,IMOS_SRS_L3S_IMOS_SRS_L3S_CS_Outer_11_46_Floating_140,115.470001,-32.310001
TEMP,IMOS_SRS_L3S_IMOS_SRS_L3S_CS_Outer_11_47_Floating_141,115.470001,-32.330002
TEMP,IMOS_SRS_L3S_IMOS_SRS_L3S_CS_Outer_11_48_Floating_142,115.470001,-32.349998
TEMP,IMOS_SRS_L3S_IMOS_SRS_L3S_CS_Outer_11_49_Floating_143,115.470001,-32.369999
TEMP,IMOS_SRS_L3S_IMOS_SRS_L3S_CS_Outer_11_50_Floating_144,115.470001,-32.389999
TEMP,IMOS_SRS_L3S_IMOS_SRS_L3S_CS_Outer_11_51_Floating_145,115.470001,-32.410000
TEMP,IMOS_SRS_L3S_IMOS_SRS_L3S_CS_Outer_11_52_Floating_146,115.470001,-32.430000
TEMP,IMOS_SRS_L3S_IMOS_SRS_L3S_CS_Outer_11_53_Floating_147,115.470001,-32.450001
TEMP,IMOS_SRS_L3S_IMOS_SRS_L3S_CS_Outer_11_54_Floating_148,115.470001,-32.470001
TEMP,IMOS_SRS_L3S_IMOS_SRS_L3S_CS_Outer_11_55_Floating_149,115.470001,-32.490002
TEMP,IMOS_SRS_L3S_IMOS_SRS_L3S_CS_Outer_11_56_Floating_150,115.470001,-32.509998
TEMP,IMOS_SRS_L3S_IMOS_SRS_L3S_CS_Outer_11_57_Floating_151,115.470001,-32.529999
TEMP,IMOS_SRS_L3S_IMOS_SRS_L3S_CS_Outer_11_58_Floating_152,115.470001,-32.549999
TEMP,IMOS_SRS_L3S_IMOS_SRS_L3S_CS_Outer_11_59_Floating_153,115.470001,-32.570000
TEMP,IMOS_SRS_L3S_IMOS_SRS_L3S_CS_Outer_11_60_Floating_154,115.470001,-32.590000
TEMP,IMOS_SRS_L3S_IMOS_SRS_L3S_CS_Outer_11_61_Floating_155,115.470001,-32.610001
TEMP,IMOS_SRS_L3S_IMOS_SRS_L3S_CS_Outer_11_62_Floating_156,115.470001,-32.630001
TEMP,IMOS_SRS_L3S_IMOS_SRS_L3S_CS_Outer_11_63_Floating_157,115.470001,-32.650002
TEMP,IMOS_SRS_L3S_IMOS_SRS_L3S_CS_Outer_12_16_Floating_158,115.489998,-31.709999
TEMP,IMOS_SRS_L3S_IMOS_SRS_L3S_CS_Outer_12_17_Floating_159,115.489998,-31.730000
TEMP,IMOS_SRS_L3S_IMOS_SRS_L3S_CS_Outer_12_18_Floating_160,115.489998,-31.750000
TEMP,IMOS_SRS_L3S_IMOS_SRS_L3S_CS_Outer_12_19_Floating_161,115.489998,-31.770000
TEMP,IMOS_SRS_L3S_IMOS_SRS_L3S_CS_Outer_12_20_Floating_162,115.489998,-31.790001
TEMP,IMOS_SRS_L3S_IMOS_SRS_L3S_CS_Outer_12_21_Floating_163,115.489998,-31.809999
TEMP,IMOS_SRS_L3S_IMOS_SRS_L3S_CS_Outer_12_22_Floating_164,115.489998,-31.830000
TEMP,IMOS_SRS_L3S_IMOS_SRS_L3S_CS_Outer_12_23_Floating_165,115.489998,-31.850000
TEMP,IMOS_SRS_L3S_IMOS_SRS_L3S_CS_Outer_12_24_Floating_166,115.489998,-31.870001
TEMP,IMOS_SRS_L3S_IMOS_SRS_L3S_CS_Outer_12_25_Floating_167,115.489998,-31.889999
TEMP,IMOS_SRS_L3S_IMOS_SRS_L3S_CS_Outer_12_26_Floating_168,115.489998,-31.910000
TEMP,IMOS_SRS_L3S_IMOS_SRS_L3S_CS_Outer_12_27_Floating_169,115.489998,-31.930000
TEMP,IMOS_SRS_L3S_IMOS_SRS_L3S_CS_Outer_12_28_Floating_170,115.489998,-31.950001
TEMP,IMOS_SRS_L3S_IMOS_SRS_L3S_CS_Outer_12_33_Floating_171,115.489998,-32.049999
TEMP,IMOS_SRS_L3S_IMOS_SRS_L3S_CS_Outer_12_34_Floating_172,115.489998,-32.070000
TEMP,IMOS_SRS_L3S_IMOS_SRS_L3S_CS_Outer_12_35_Floating_173,115.489998,-32.090000
TEMP,IMOS_SRS_L3S_IMOS_SRS_L3S_CS_Outer_12_36_Floating_174,115.489998,-32.110001
TEMP,IMOS_SRS_L3S_IMOS_SRS_L3S_CS_Outer_12_37_Floating_175,115.489998,-32.130001
TEMP,IMOS_SRS_L3S_IMOS_SRS_L3S_CS_Outer_12_38_Floating_176,115.489998,-32.150002
TEMP,IMOS_SRS_L3S_IMOS_SRS_L3S_CS_Outer_12_39_Floating_177,115.489998,-32.169998
TEMP,IMOS_SRS_L3S_IMOS_SRS_L3S_CS_Outer_12_40_Floating_178,115.489998,-32.189999
TEMP,IMOS_SRS_L3S_IMOS_SRS_L3S_CS_Outer_12_41_Floating_179,115.489998,-32.209999
TEMP,IMOS_SRS_L3S_IMOS_SRS_L3S_CS_Outer_12_42_Floating_180,115.489998,-32.230000
TEMP,IMOS_SRS_L3S_IMOS_SRS_L3S_CS_Outer_12_43_Floating_181,115.489998,-32.250000
TEMP,IMOS_SRS_L3S_IMOS_SRS_L3S_CS_Outer_12_44_Floating_182,115.489998,-32.270000
TEMP,IMOS_SRS_L3S_IMOS_SRS_L3S_CS_Outer_12_45_Floating_183,115.489998,-32.290001
TEMP,IMOS_SRS_L3S_IMOS_SRS_L3S_CS_Outer_12_46_Floating_184,115.489998,-32.310001
TEMP,IMOS_SRS_L3S_IMOS_SRS_L3S_CS_Outer_12_47_Floating_185,115.489998,-32.330002
TEMP,IMOS_SRS_L3S_IMOS_SRS_L3S_CS_Outer_12_48_Floating_186,115.489998,-32.349998
TEMP,IMOS_SRS_L3S_IMOS_SRS_L3S_CS_Outer_12_49_Floating_187,115.489998,-32.369999
TEMP,IMOS_SRS_L3S_IMOS_SRS_L3S_CS_Outer_12_50_Floating_188,115.489998,-32.389999
TEMP,IMOS_SRS_L3S_IMOS_SRS_L3S_CS_Outer_12_51_Floating_189,115.489998,-32.410000
TEMP,IMOS_SRS_L3S_IMOS_SRS_L3S_CS_Outer_12_52_Floating_190,115.489998,-32.430000
TEMP,IMOS_SRS_L3S_IMOS_SRS_L3S_CS_Outer_12_53_Floating_191,115.489998,-32.450001
TEMP,IMOS_SRS_L3S_IMOS_SRS_L3S_CS_Outer_12_54_Floating_192,115.489998,-32.470001
TEMP,IMOS_SRS_L3S_IMOS_SRS_L3S_CS_Outer_12_55_Floating_193,115.489998,-32.490002
TEMP,IMOS_SRS_L3S_IMOS_SRS_L3S_CS_Outer_12_56_Floating_194,115.489998,-32.509998
TEMP,IMOS_SRS_L3S_IMOS_SRS_L3S_CS_Outer_12_57_Floating_195,115.489998,-32.529999
TEMP,IMOS_SRS_L3S_IMOS_SRS_L3S_CS_Outer_12_58_Floating_196,115.489998,-32.549999
TEMP,IMOS_SRS_L3S_IMOS_SRS_L3S_CS_Outer_12_59_Floating_197,115.489998,-32.570000
TEMP,IMOS_SRS_L3S_IMOS_SRS_L3S_CS_Outer_12_60_Floating_198,115.489998,-32.590000
TEMP,IMOS_SRS_L3S_IMOS_SRS_L3S_CS_Outer_12_61_Floating_199,115.489998,-32.610001
TEMP,IMOS_SRS_L3S_IMOS_SRS_L3S_CS_Outer_12_62_Floating_200,115.489998,-32.630001
TEMP,IMOS_SRS_L3S_IMOS_SRS_L3S_CS_Outer_12_63_Floating_201,115.489998,-32.650002
TEMP,IMOS_SRS_L3S_IMOS_SRS_L3S_CS_Outer_13_16_Floating_202,115.510002,-31.709999
TEMP,IMOS_SRS_L3S_IMOS_SRS_L3S_CS_Outer_13_17_Floating_203,115.510002,-31.730000
TEMP,IMOS_SRS_L3S_IMOS_SRS_L3S_CS_Outer_13_18_Floating_204,115.510002,-31.750000
TEMP,IMOS_SRS_L3S_IMOS_SRS_L3S_CS_Outer_13_19_Floating_205,115.510002,-31.770000
TEMP,IMOS_SRS_L3S_IMOS_SRS_L3S_CS_Outer_13_20_Floating_206,115.510002,-31.790001
TEMP,IMOS_SRS_L3S_IMOS_SRS_L3S_CS_Outer_13_21_Floating_207,115.510002,-31.809999
TEMP,IMOS_SRS_L3S_IMOS_SRS_L3S_CS_Outer_13_22_Floating_208,115.510002,-31.830000
TEMP,IMOS_SRS_L3S_IMOS_SRS_L3S_CS_Outer_13_23_Floating_209,115.510002,-31.850000
TEMP,IMOS_SRS_L3S_IMOS_SRS_L3S_CS_Outer_13_24_Floating_210,115.510002,-31.870001
TEMP,IMOS_SRS_L3S_IMOS_SRS_L3S_CS_Outer_13_25_Floating_211,115.510002,-31.889999
TEMP,IMOS_SRS_L3S_IMOS_SRS_L3S_CS_Outer_13_26_Floating_212,115.510002,-31.910000
TEMP,IMOS_SRS_L3S_IMOS_SRS_L3S_CS_Outer_13_27_Floating_213,115.510002,-31.930000
TEMP,IMOS_SRS_L3S_IMOS_SRS_L3S_CS_Outer_13_28_Floating_214,115.510002,-31.950001
TEMP,IMOS_SRS_L3S_IMOS_SRS_L3S_CS_Outer_13_33_Floating_215,115.510002,-32.049999
TEMP,IMOS_SRS_L3S_IMOS_SRS_L3S_CS_Outer_13_34_Floating_216,115.510002,-32.070000
TEMP,IMOS_SRS_L3S_IMOS_SRS_L3S_CS_Outer_13_35_Floating_217,115.510002,-32.090000
TEMP,IMOS_SRS_L3S_IMOS_SRS_L3S_CS_Outer_13_36_Floating_218,115.510002,-32.110001
TEMP,IMOS_SRS_L3S_IMOS_SRS_L3S_CS_Outer_13_37_Floating_219,115.510002,-32.130001
TEMP,IMOS_SRS_L3S_IMOS_SRS_L3S_CS_Outer_13_38_Floating_220,115.510002,-32.150002
TEMP,IMOS_SRS_L3S_IMOS_SRS_L3S_CS_Outer_13_39_Floating_221,115.510002,-32.169998
TEMP,IMOS_SRS_L3S_IMOS_SRS_L3S_CS_Outer_13_40_Floating_222,115.510002,-32.189999
TEMP,IMOS_SRS_L3S_IMOS_SRS_L3S_CS_Outer_13_41_Floating_223,115.510002,-32.209999
TEMP,IMOS_SRS_L3S_IMOS_SRS_L3S_CS_Outer_13_42_Floating_224,115.510002,-32.230000
TEMP,IMOS_SRS_L3S_IMOS_SRS_L3S_CS_Outer_13_43_Floating_225,115.510002,-32.250000
TEMP,IMOS_SRS_L3S_IMOS_SRS_L3S_CS_Outer_13_44_Floating_226,115.510002,-32.270000
TEMP,IMOS_SRS_L3S_IMOS_SRS_L3S_CS_Outer_13_45_Floating_227,115.510002,-32.290001
TEMP,IMOS_SRS_L3S_IMOS_SRS_L3S_CS_Outer_13_46_Floating_228,115.510002,-32.310001
TEMP,IMOS_SRS_L3S_IMOS_SRS_L3S_CS_Outer_13_47_Floating_229,115.510002,-32.330002
TEMP,IMOS_SRS_L3S_IMOS_SRS_L3S_CS_Outer_13_48_Floating_230,115.510002,-32.349998
TEMP,IMOS_SRS_L3S_IMOS_SRS_L3S_CS_Outer_13_49_Floating_231,115.510002,-32.369999
TEMP,IMOS_SRS_L3S_IMOS_SRS_L3S_CS_Outer_13_50_Floating_232,115.510002,-32.389999
TEMP,IMOS_SRS_L3S_IMOS_SRS_L3S_CS_Outer_13_51_Floating_233,115.510002,-32.410000
TEMP,IMOS_SRS_L3S_IMOS_SRS_L3S_CS_Outer_13_52_Floating_234,115.510002,-32.430000
TEMP,IMOS_SRS_L3S_IMOS_SRS_L3S_CS_Outer_13_53_Floating_235,115.510002,-32.450001
TEMP,IMOS_SRS_L3S_IMOS_SRS_L3S_CS_Outer_13_54_Floating_236,115.510002,-32.470001
TEMP,IMOS_SRS_L3S_IMOS_SRS_L3S_CS_Outer_13_55_Floating_237,115.510002,-32.490002
TEMP,IMOS_SRS_L3S_IMOS_SRS_L3S_CS_Outer_13_56_Floating_238,115.510002,-32.509998
TEMP,IMOS_SRS_L3S_IMOS_SRS_L3S_CS_Outer_13_57_Floating_239,115.510002,-32.529999
TEMP,IMOS_SRS_L3S_IMOS_SRS_L3S_CS_Outer_13_58_Floating_240,115.510002,-32.549999
TEMP,IMOS_SRS_L3S_IMOS_SRS_L3S_CS_Outer_13_59_Floating_241,115.510002,-32.570000
TEMP,IMOS_SRS_L3S_IMOS_SRS_L3S_CS_Outer_13_60_Floating_242,115.510002,-32.590000
TEMP,IMOS_SRS_L3S_IMOS_SRS_L3S_CS_Outer_13_61_Floating_243,115.510002,-32.610001
TEMP,IMOS_SRS_L3S_IMOS_SRS_L3S_CS_Outer_13_62_Floating_244,115.510002,-32.630001
TEMP,IMOS_SRS_L3S_IMOS_SRS_L3S_CS_Outer_13_63_Floating_245,115.510002,-32.650002
TEMP,IMOS_SRS_L3S_IMOS_SRS_L3S_CS_Outer_14_16_Floating_246,115.529999,-31.709999
TEMP,IMOS_SRS_L3S_IMOS_SRS_L3S_CS_Outer_14_17_Floating_247,115.529999,-31.730000
TEMP,IMOS_SRS_L3S_IMOS_SRS_L3S_CS_Outer_14_18_Floating_248,115.529999,-31.750000
TEMP,IMOS_SRS_L3S_IMOS_SRS_L3S_CS_Outer_14_19_Floating_249,115.529999,-31.770000
TEMP,IMOS_SRS_L3S_IMOS_SRS_L3S_CS_Outer_14_20_Floating_250,115.529999,-31.790001
TEMP,IMOS_SRS_L3S_IMOS_SRS_L3S_CS_Outer_14_21_Floating_251,115.529999,-31.809999
TEMP,IMOS_SRS_L3S_IMOS_SRS_L3S_CS_Outer_14_22_Floating_252,115.529999,-31.830000
TEMP,IMOS_SRS_L3S_IMOS_SRS_L3S_CS_Outer_14_23_Floating_253,115.529999,-31.850000
TEMP,IMOS_SRS_L3S_IMOS_SRS_L3S_CS_Outer_14_24_Floating_254,115.529999,-31.870001
TEMP,IMOS_SRS_L3S_IMOS_SRS_L3S_CS_Outer_14_25_Floating_255,115.529999,-31.889999
TEMP,IMOS_SRS_L3S_IMOS_SRS_L3S_CS_Outer_14_26_Floating_256,115.529999,-31.910000
TEMP,IMOS_SRS_L3S_IMOS_SRS_L3S_CS_Outer_14_27_Floating_257,115.529999,-31.930000
TEMP,IMOS_SRS_L3S_IMOS_SRS_L3S_CS_Outer_14_28_Floating_258,115.529999,-31.950001
TEMP,IMOS_SRS_L3S_IMOS_SRS_L3S_CS_Outer_14_33_Floating_259,115.529999,-32.049999
TEMP,IMOS_SRS_L3S_IMOS_SRS_L3S_CS_Outer_14_34_Floating_260,115.529999,-32.070000
TEMP,IMOS_SRS_L3S_IMOS_SRS_L3S_CS_Outer_14_35_Floating_261,115.529999,-32.090000
TEMP,IMOS_SRS_L3S_IMOS_SRS_L3S_CS_Outer_14_36_Floating_262,115.529999,-32.110001
TEMP,IMOS_SRS_L3S_IMOS_SRS_L3S_CS_Outer_14_37_Floating_263,115.529999,-32.130001
TEMP,IMOS_SRS_L3S_IMOS_SRS_L3S_CS_Outer_14_38_Floating_264,115.529999,-32.150002
TEMP,IMOS_SRS_L3S_IMOS_SRS_L3S_CS_Outer_14_39_Floating_265,115.529999,-32.169998
TEMP,IMOS_SRS_L3S_IMOS_SRS_L3S_CS_Outer_14_40_Floating_266,115.529999,-32.189999
TEMP,IMOS_SRS_L3S_IMOS_SRS_L3S_CS_Outer_14_41_Floating_267,115.529999,-32.209999
TEMP,IMOS_SRS_L3S_IMOS_SRS_L3S_CS_Outer_14_42_Floating_268,115.529999,-32.230000
TEMP,IMOS_SRS_L3S_IMOS_SRS_L3S_CS_Outer_14_43_Floating_269,115.529999,-32.250000
TEMP,IMOS_SRS_L3S_IMOS_SRS_L3S_CS_Outer_14_44_Floating_270,115.529999,-32.270000
TEMP,IMOS_SRS_L3S_IMOS_SRS_L3S_CS_Outer_14_45_Floating_271,115.529999,-32.290001
TEMP,IMOS_SRS_L3S_IMOS_SRS_L3S_CS_Outer_14_46_Floating_272,115.529999,-32.310001
TEMP,IMOS_SRS_L3S_IMOS_SRS_L3S_CS_Outer_14_47_Floating_273,115.529999,-32.330002
TEMP,IMOS_SRS_L3S_IMOS_SRS_L3S_CS_Outer_14_48_Floating_274,115.529999,-32.349998
TEMP,IMOS_SRS_L3S_IMOS_SRS_L3S_CS_Outer_14_49_Floating_275,115.529999,-32.369999
TEMP,IMOS_SRS_L3S_IMOS_SRS_L3S_CS_Outer_14_50_Floating_276,115.529999,-32.389999
TEMP,IMOS_SRS_L3S_IMOS_SRS_L3S_CS_Outer_14_51_Floating_277,115.529999,-32.410000
TEMP,IMOS_SRS_L3S_IMOS_SRS_L3S_CS_Outer_14_52_Floating_278,115.529999,-32.430000
TEMP,IMOS_SRS_L3S_IMOS_SRS_L3S_CS_Outer_14_53_Floating_279,115.529999,-32.450001
TEMP,IMOS_SRS_L3S_IMOS_SRS_L3S_CS_Outer_14_54_Floating_280,115.529999,-32.470001
TEMP,IMOS_SRS_L3S_IMOS_SRS_L3S_CS_Outer_14_55_Floating_281,115.529999,-32.490002
TEMP,IMOS_SRS_L3S_IMOS_SRS_L3S_CS_Outer_14_56_Floating_282,115.529999,-32.509998
TEMP,IMOS_SRS_L3S_IMOS_SRS_L3S_CS_Outer_14_57_Floating_283,115.529999,-32.529999
TEMP,IMOS_SRS_L3S_IMOS_SRS_L3S_CS_Outer_14_58_Floating_284,115.529999,-32.549999
TEMP,IMOS_SRS_L3S_IMOS_SRS_L3S_CS_Outer_14_59_Floating_285,115.529999,-32.570000
TEMP,IMOS_SRS_L3S_IMOS_SRS_L3S_CS_Outer_14_60_Floating_286,115.529999,-32.590000
TEMP,IMOS_SRS_L3S_IMOS_SRS_L3S_CS_Outer_14_61_Floating_287,115.529999,-32.610001
TEMP,IMOS_SRS_L3S_IMOS_SRS_L3S_CS_Outer_14_62_Floating_288,115.529999,-32.630001
TEMP,IMOS_SRS_L3S_IMOS_SRS_L3S_CS_Outer_14_63_Floating_289,115.529999,-32.650002
TEMP,IMOS_SRS_L3S_IMOS_SRS_L3S_CS_Outer_15_16_Floating_290,115.550003,-31.709999
TEMP,IMOS_SRS_L3S_IMOS_SRS_L3S_CS_Outer_15_17_Floating_291,115.550003,-31.730000
TEMP,IMOS_SRS_L3S_IMOS_SRS_L3S_CS_Outer_15_18_Floating_292,115.550003,-31.750000
TEMP,IMOS_SRS_L3S_IMOS_SRS_L3S_CS_Outer_15_19_Floating_293,115.550003,-31.770000
TEMP,IMOS_SRS_L3S_IMOS_SRS_L3S_CS_Outer_15_20_Floating_294,115.550003,-31.790001
TEMP,IMOS_SRS_L3S_IMOS_SRS_L3S_CS_Outer_15_21_Floating_295,115.550003,-31.809999
TEMP,IMOS_SRS_L3S_IMOS_SRS_L3S_CS_Outer_15_22_Floating_296,115.550003,-31.830000
TEMP,IMOS_SRS_L3S_IMOS_SRS_L3S_CS_Outer_15_23_Floating_297,115.550003,-31.850000
TEMP,IMOS_SRS_L3S_IMOS_SRS_L3S_CS_Outer_15_24_Floating_298,115.550003,-31.870001
TEMP,IMOS_SRS_L3S_IMOS_SRS_L3S_CS_Outer_15_25_Floating_299,115.550003,-31.889999
TEMP,IMOS_SRS_L3S_IMOS_SRS_L3S_CS_Outer_15_26_Floating_300,115.550003,-31.910000
TEMP,IMOS_SRS_L3S_IMOS_SRS_L3S_CS_Outer_15_27_Floating_301,115.550003,-31.930000
TEMP,IMOS_SRS_L3S_IMOS_SRS_L3S_CS_Outer_15_28_Floating_302,115.550003,-31.950001
TEMP,IMOS_SRS_L3S_IMOS_SRS_L3S_CS_Outer_15_32_Floating_303,115.550003,-32.029999
TEMP,IMOS_SRS_L3S_IMOS_SRS_L3S_CS_Outer_15_33_Floating_304,115.550003,-32.049999
TEMP,IMOS_SRS_L3S_IMOS_SRS_L3S_CS_Outer_15_34_Floating_305,115.550003,-32.070000
TEMP,IMOS_SRS_L3S_IMOS_SRS_L3S_CS_Outer_15_35_Floating_306,115.550003,-32.090000
TEMP,IMOS_SRS_L3S_IMOS_SRS_L3S_CS_Outer_15_36_Floating_307,115.550003,-32.110001
TEMP,IMOS_SRS_L3S_IMOS_SRS_L3S_CS_Outer_15_37_Floating_308,115.550003,-32.130001
TEMP,IMOS_SRS_L3S_IMOS_SRS_L3S_CS_Outer_15_38_Floating_309,115.550003,-32.150002
TEMP,IMOS_SRS_L3S_IMOS_SRS_L3S_CS_Outer_15_39_Floating_310,115.550003,-32.169998
TEMP,IMOS_SRS_L3S_IMOS_SRS_L3S_CS_Outer_15_40_Floating_311,115.550003,-32.189999
TEMP,IMOS_SRS_L3S_IMOS_SRS_L3S_CS_Outer_15_41_Floating_312,115.550003,-32.209999
TEMP,IMOS_SRS_L3S_IMOS_SRS_L3S_CS_Outer_15_42_Floating_313,115.550003,-32.230000
TEMP,IMOS_SRS_L3S_IMOS_SRS_L3S_CS_Outer_15_43_Floating_314,115.550003,-32.250000
TEMP,IMOS_SRS_L3S_IMOS_SRS_L3S_CS_Outer_15_44_Floating_315,115.550003,-32.270000
TEMP,IMOS_SRS_L3S_IMOS_SRS_L3S_CS_Outer_15_45_Floating_316,115.550003,-32.290001
TEMP,IMOS_SRS_L3S_IMOS_SRS_L3S_CS_Outer_15_46_Floating_317,115.550003,-32.310001
TEMP,IMOS_SRS_L3S_IMOS_SRS_L3S_CS_Outer_15_47_Floating_318,115.550003,-32.330002
TEMP,IMOS_SRS_L3S_IMOS_SRS_L3S_CS_Outer_15_48_Floating_319,115.550003,-32.349998
TEMP,IMOS_SRS_L3S_IMOS_SRS_L3S_CS_Outer_15_49_Floating_320,115.550003,-32.369999
TEMP,IMOS_SRS_L3S_IMOS_SRS_L3S_CS_Outer_15_50_Floating_321,115.550003,-32.389999
TEMP,IMOS_SRS_L3S_IMOS_SRS_L3S_CS_Outer_15_51_Floating_322,115.550003,-32.410000
TEMP,IMOS_SRS_L3S_IMOS_SRS_L3S_CS_Outer_15_52_Floating_323,115.550003,-32.430000
TEMP,IMOS_SRS_L3S_IMOS_SRS_L3S_CS_Outer_15_53_Floating_324,115.550003,-32.450001
TEMP,IMOS_SRS_L3S_IMOS_SRS_L3S_CS_Outer_15_54_Floating_325,115.550003,-32.470001
TEMP,IMOS_SRS_L3S_IMOS_SRS_L3S_CS_Outer_15_55_Floating_326,115.550003,-32.490002
TEMP,IMOS_SRS_L3S_IMOS_SRS_L3S_CS_Outer_15_56_Floating_327,115.550003,-32.509998
TEMP,IMOS_SRS_L3S_IMOS_SRS_L3S_CS_Outer_15_57_Floating_328,115.550003,-32.529999
TEMP,IMOS_SRS_L3S_IMOS_SRS_L3S_CS_Outer_15_58_Floating_329,115.550003,-32.549999
TEMP,IMOS_SRS_L3S_IMOS_SRS_L3S_CS_Outer_15_59_Floating_330,115.550003,-32.570000
TEMP,IMOS_SRS_L3S_IMOS_SRS_L3S_CS_Outer_15_60_Floating_331,115.550003,-32.590000
TEMP,IMOS_SRS_L3S_IMOS_SRS_L3S_CS_Outer_15_61_Floating_332,115.550003,-32.610001
TEMP,IMOS_SRS_L3S_IMOS_SRS_L3S_CS_Outer_15_62_Floating_333,115.550003,-32.630001
TEMP,IMOS_SRS_L3S_IMOS_SRS_L3S_CS_Outer_15_63_Floating_334,115.550003,-32.650002
TEMP,IMOS_SRS_L3S_IMOS_SRS_L3S_CS_Outer_16_16_Floating_335,115.570000,-31.709999
TEMP,IMOS_SRS_L3S_IMOS_SRS_L3S_CS_Outer_16_17_Floating_336,115.570000,-31.730000
TEMP,IMOS_SRS_L3S_IMOS_SRS_L3S_CS_Outer_16_18_Floating_337,115.570000,-31.750000
TEMP,IMOS_SRS_L3S_IMOS_SRS_L3S_CS_Outer_16_19_Floating_338,115.570000,-31.770000
TEMP,IMOS_SRS_L3S_IMOS_SRS_L3S_CS_Outer_16_20_Floating_339,115.570000,-31.790001
TEMP,IMOS_SRS_L3S_IMOS_SRS_L3S_CS_Outer_16_21_Floating_340,115.570000,-31.809999
TEMP,IMOS_SRS_L3S_IMOS_SRS_L3S_CS_Outer_16_22_Floating_341,115.570000,-31.830000
TEMP,IMOS_SRS_L3S_IMOS_SRS_L3S_CS_Outer_16_23_Floating_342,115.570000,-31.850000
TEMP,IMOS_SRS_L3S_IMOS_SRS_L3S_CS_Outer_16_24_Floating_343,115.570000,-31.870001
TEMP,IMOS_SRS_L3S_IMOS_SRS_L3S_CS_Outer_16_25_Floating_344,115.570000,-31.889999
TEMP,IMOS_SRS_L3S_IMOS_SRS_L3S_CS_Outer_16_26_Floating_345,115.570000,-31.910000
TEMP,IMOS_SRS_L3S_IMOS_SRS_L3S_CS_Outer_16_27_Floating_346,115.570000,-31.930000
TEMP,IMOS_SRS_L3S_IMOS_SRS_L3S_CS_Outer_16_28_Floating_347,115.570000,-31.950001
TEMP,IMOS_SRS_L3S_IMOS_SRS_L3S_CS_Outer_16_29_Floating_348,115.570000,-31.969999
TEMP,IMOS_SRS_L3S_IMOS_SRS_L3S_CS_Outer_16_32_Floating_349,115.570000,-32.029999
TEMP,IMOS_SRS_L3S_IMOS_SRS_L3S_CS_Outer_16_33_Floating_350,115.570000,-32.049999
TEMP,IMOS_SRS_L3S_IMOS_SRS_L3S_CS_Outer_16_34_Floating_351,115.570000,-32.070000
TEMP,IMOS_SRS_L3S_IMOS_SRS_L3S_CS_Outer_16_35_Floating_352,115.570000,-32.090000
TEMP,IMOS_SRS_L3S_IMOS_SRS_L3S_CS_Outer_16_36_Floating_353,115.570000,-32.110001
TEMP,IMOS_SRS_L3S_IMOS_SRS_L3S_CS_Outer_16_37_Floating_354,115.570000,-32.130001
TEMP,IMOS_SRS_L3S_IMOS_SRS_L3S_CS_Outer_16_38_Floating_355,115.570000,-32.150002
TEMP,IMOS_SRS_L3S_IMOS_SRS_L3S_CS_Outer_16_39_Floating_356,115.570000,-32.169998
TEMP,IMOS_SRS_L3S_IMOS_SRS_L3S_CS_Outer_16_40_Floating_357,115.570000,-32.189999
TEMP,IMOS_SRS_L3S_IMOS_SRS_L3S_CS_Outer_16_41_Floating_358,115.570000,-32.209999
TEMP,IMOS_SRS_L3S_IMOS_SRS_L3S_CS_Outer_16_42_Floating_359,115.570000,-32.230000
TEMP,IMOS_SRS_L3S_IMOS_SRS_L3S_CS_Outer_16_43_Floating_360,115.570000,-32.250000
TEMP,IMOS_SRS_L3S_IMOS_SRS_L3S_CS_Outer_16_44_Floating_361,115.570000,-32.270000
TEMP,IMOS_SRS_L3S_IMOS_SRS_L3S_CS_Outer_16_45_Floating_362,115.570000,-32.290001
TEMP,IMOS_SRS_L3S_IMOS_SRS_L3S_CS_Outer_16_46_Floating_363,115.570000,-32.310001
TEMP,IMOS_SRS_L3S_IMOS_SRS_L3S_CS_Outer_16_47_Floating_364,115.570000,-32.330002
TEMP,IMOS_SRS_L3S_IMOS_SRS_L3S_CS_Outer_16_48_Floating_365,115.570000,-32.349998
TEMP,IMOS_SRS_L3S_IMOS_SRS_L3S_CS_Outer_16_49_Floating_366,115.570000,-32.369999
TEMP,IMOS_SRS_L3S_IMOS_SRS_L3S_CS_Outer_16_50_Floating_367,115.570000,-32.389999
TEMP,IMOS_SRS_L3S_IMOS_SRS_L3S_CS_Outer_16_51_Floating_368,115.570000,-32.410000
TEMP,IMOS_SRS_L3S_IMOS_SRS_L3S_CS_Outer_16_52_Floating_369,115.570000,-32.430000
TEMP,IMOS_SRS_L3S_IMOS_SRS_L3S_CS_Outer_16_53_Floating_370,115.570000,-32.450001
TEMP,IMOS_SRS_L3S_IMOS_SRS_L3S_CS_Outer_16_54_Floating_371,115.570000,-32.470001
TEMP,IMOS_SRS_L3S_IMOS_SRS_L3S_CS_Outer_16_55_Floating_372,115.570000,-32.490002
TEMP,IMOS_SRS_L3S_IMOS_SRS_L3S_CS_Outer_16_56_Floating_373,115.570000,-32.509998
TEMP,IMOS_SRS_L3S_IMOS_SRS_L3S_CS_Outer_16_57_Floating_374,115.570000,-32.529999
TEMP,IMOS_SRS_L3S_IMOS_SRS_L3S_CS_Outer_16_58_Floating_375,115.570000,-32.549999
TEMP,IMOS_SRS_L3S_IMOS_SRS_L3S_CS_Outer_16_59_Floating_376,115.570000,-32.570000
TEMP,IMOS_SRS_L3S_IMOS_SRS_L3S_CS_Outer_16_60_Floating_377,115.570000,-32.590000
TEMP,IMOS_SRS_L3S_IMOS_SRS_L3S_CS_Outer_16_61_Floating_378,115.570000,-32.610001
TEMP,IMOS_SRS_L3S_IMOS_SRS_L3S_CS_Outer_16_62_Floating_379,115.570000,-32.630001
TEMP,IMOS_SRS_L3S_IMOS_SRS_L3S_CS_Outer_16_63_Floating_380,115.570000,-32.650002
TEMP,IMOS_SRS_L3S_IMOS_SRS_L3S_CS_Outer_17_16_Floating_381,115.589996,-31.709999
TEMP,IMOS_SRS_L3S_IMOS_SRS_L3S_CS_Outer_17_17_Floating_382,115.589996,-31.730000
TEMP,IMOS_SRS_L3S_IMOS_SRS_L3S_CS_Outer_17_18_Floating_383,115.589996,-31.750000
TEMP,IMOS_SRS_L3S_IMOS_SRS_L3S_CS_Outer_17_19_Floating_384,115.589996,-31.770000
TEMP,IMOS_SRS_L3S_IMOS_SRS_L3S_CS_Outer_17_20_Floating_385,115.589996,-31.790001
TEMP,IMOS_SRS_L3S_IMOS_SRS_L3S_CS_Outer_17_21_Floating_386,115.589996,-31.809999
TEMP,IMOS_SRS_L3S_IMOS_SRS_L3S_CS_Outer_17_22_Floating_387,115.589996,-31.830000
TEMP,IMOS_SRS_L3S_IMOS_SRS_L3S_CS_Outer_17_23_Floating_388,115.589996,-31.850000
TEMP,IMOS_SRS_L3S_IMOS_SRS_L3S_CS_Outer_17_24_Floating_389,115.589996,-31.870001
TEMP,IMOS_SRS_L3S_IMOS_SRS_L3S_CS_Outer_17_25_Floating_390,115.589996,-31.889999
TEMP,IMOS_SRS_L3S_IMOS_SRS_L3S_CS_Outer_17_26_Floating_391,115.589996,-31.910000
TEMP,IMOS_SRS_L3S_IMOS_SRS_L3S_CS_Outer_17_27_Floating_392,115.589996,-31.930000
TEMP,IMOS_SRS_L3S_IMOS_SRS_L3S_CS_Outer_17_28_Floating_393,115.589996,-31.950001
TEMP,IMOS_SRS_L3S_IMOS_SRS_L3S_CS_Outer_17_29_Floating_394,115.589996,-31.969999
TEMP,IMOS_SRS_L3S_IMOS_SRS_L3S_CS_Outer_17_30_Floating_395,115.589996,-31.990000
TEMP,IMOS_SRS_L3S_IMOS_SRS_L3S_CS_Outer_17_31_Floating_396,115.589996,-32.009998
TEMP,IMOS_SRS_L3S_IMOS_SRS_L3S_CS_Outer_17_32_Floating_397,115.589996,-32.029999
TEMP,IMOS_SRS_L3S_IMOS_SRS_L3S_CS_Outer_17_33_Floating_398,115.589996,-32.049999
TEMP,IMOS_SRS_L3S_IMOS_SRS_L3S_CS_Outer_17_34_Floating_399,115.589996,-32.070000
TEMP,IMOS_SRS_L3S_IMOS_SRS_L3S_CS_Outer_17_35_Floating_400,115.589996,-32.090000
TEMP,IMOS_SRS_L3S_IMOS_SRS_L3S_CS_Outer_17_36_Floating_401,115.589996,-32.110001
TEMP,IMOS_SRS_L3S_IMOS_SRS_L3S_CS_Outer_17_37_Floating_402,115.589996,-32.130001
TEMP,IMOS_SRS_L3S_IMOS_SRS_L3S_CS_Outer_17_38_Floating_403,115.589996,-32.150002
TEMP,IMOS_SRS_L3S_IMOS_SRS_L3S_CS_Outer_17_39_Floating_404,115.589996,-32.169998
TEMP,IMOS_SRS_L3S_IMOS_SRS_L3S_CS_Outer_17_40_Floating_405,115.589996,-32.189999
TEMP,IMOS_SRS_L3S_IMOS_SRS_L3S_CS_Outer_17_41_Floating_406,115.589996,-32.209999
TEMP,IMOS_SRS_L3S_IMOS_SRS_L3S_CS_Outer_17_42_Floating_407,115.589996,-32.230000
TEMP,IMOS_SRS_L3S_IMOS_SRS_L3S_CS_Outer_17_43_Floating_408,115.589996,-32.250000
TEMP,IMOS_SRS_L3S_IMOS_SRS_L3S_CS_Outer_17_44_Floating_409,115.589996,-32.270000
TEMP,IMOS_SRS_L3S_IMOS_SRS_L3S_CS_Outer_17_45_Floating_410,115.589996,-32.290001
TEMP,IMOS_SRS_L3S_IMOS_SRS_L3S_CS_Outer_17_46_Floating_411,115.589996,-32.310001
TEMP,IMOS_SRS_L3S_IMOS_SRS_L3S_CS_Outer_17_47_Floating_412,115.589996,-32.330002
TEMP,IMOS_SRS_L3S_IMOS_SRS_L3S_CS_Outer_17_48_Floating_413,115.589996,-32.349998
TEMP,IMOS_SRS_L3S_IMOS_SRS_L3S_CS_Outer_17_49_Floating_414,115.589996,-32.369999
TEMP,IMOS_SRS_L3S_IMOS_SRS_L3S_CS_Outer_17_50_Floating_415,115.589996,-32.389999
TEMP,IMOS_SRS_L3S_IMOS_SRS_L3S_CS_Outer_17_51_Floating_416,115.589996,-32.410000
TEMP,IMOS_SRS_L3S_IMOS_SRS_L3S_CS_Outer_17_52_Floating_417,115.589996,-32.430000
TEMP,IMOS_SRS_L3S_IMOS_SRS_L3S_CS_Outer_17_53_Floating_418,115.589996,-32.450001
TEMP,IMOS_SRS_L3S_IMOS_SRS_L3S_CS_Outer_17_54_Floating_419,115.589996,-32.470001
TEMP,IMOS_SRS_L3S_IMOS_SRS_L3S_CS_Outer_17_55_Floating_420,115.589996,-32.490002
TEMP,IMOS_SRS_L3S_IMOS_SRS_L3S_CS_Outer_17_56_Floating_421,115.589996,-32.509998
TEMP,IMOS_SRS_L3S_IMOS_SRS_L3S_CS_Outer_17_57_Floating_422,115.589996,-32.529999
TEMP,IMOS_SRS_L3S_IMOS_SRS_L3S_CS_Outer_17_58_Floating_423,115.589996,-32.549999
TEMP,IMOS_SRS_L3S_IMOS_SRS_L3S_CS_Outer_17_59_Floating_424,115.589996,-32.570000
TEMP,IMOS_SRS_L3S_IMOS_SRS_L3S_CS_Outer_18_18_Floating_425,115.610001,-31.750000
TEMP,IMOS_SRS_L3S_IMOS_SRS_L3S_CS_Outer_18_19_Floating_426,115.610001,-31.770000
TEMP,IMOS_SRS_L3S_IMOS_SRS_L3S_CS_Outer_18_20_Floating_427,115.610001,-31.790001
TEMP,IMOS_SRS_L3S_IMOS_SRS_L3S_CS_Outer_18_21_Floating_428,115.610001,-31.809999
TEMP,IMOS_SRS_L3S_IMOS_SRS_L3S_CS_Outer_18_22_Floating_429,115.610001,-31.830000
TEMP,IMOS_SRS_L3S_IMOS_SRS_L3S_CS_Outer_18_23_Floating_430,115.610001,-31.850000
TEMP,IMOS_SRS_L3S_IMOS_SRS_L3S_CS_Outer_18_24_Floating_431,115.610001,-31.870001
TEMP,IMOS_SRS_L3S_IMOS_SRS_L3S_CS_Outer_18_25_Floating_432,115.610001,-31.889999
TEMP,IMOS_SRS_L3S_IMOS_SRS_L3S_CS_Outer_18_26_Floating_433,115.610001,-31.910000
TEMP,IMOS_SRS_L3S_IMOS_SRS_L3S_CS_Outer_18_27_Floating_434,115.610001,-31.930000
TEMP,IMOS_SRS_L3S_IMOS_SRS_L3S_CS_Outer_18_28_Floating_435,115.610001,-31.950001
TEMP,IMOS_SRS_L3S_IMOS_SRS_L3S_CS_Outer_18_29_Floating_436,115.610001,-31.969999
TEMP,IMOS_SRS_L3S_IMOS_SRS_L3S_CS_Outer_18_30_Floating_437,115.610001,-31.990000
TEMP,IMOS_SRS_L3S_IMOS_SRS_L3S_CS_Outer_18_31_Floating_438,115.610001,-32.009998
TEMP,IMOS_SRS_L3S_IMOS_SRS_L3S_CS_Outer_18_32_Floating_439,115.610001,-32.029999
TEMP,IMOS_SRS_L3S_IMOS_SRS_L3S_CS_Outer_18_33_Floating_440,115.610001,-32.049999
TEMP,IMOS_SRS_L3S_IMOS_SRS_L3S_CS_Outer_18_34_Floating_441,115.610001,-32.070000
TEMP,IMOS_SRS_L3S_IMOS_SRS_L3S_CS_Outer_18_35_Floating_442,115.610001,-32.090000
TEMP,IMOS_SRS_L3S_IMOS_SRS_L3S_CS_Outer_18_36_Floating_443,115.610001,-32.110001
TEMP,IMOS_SRS_L3S_IMOS_SRS_L3S_CS_Outer_18_37_Floating_444,115.610001,-32.130001
TEMP,IMOS_SRS_L3S_IMOS_SRS_L3S_CS_Outer_18_38_Floating_445,115.610001,-32.150002
TEMP,IMOS_SRS_L3S_IMOS_SRS_L3S_CS_Outer_18_39_Floating_446,115.610001,-32.169998
TEMP,IMOS_SRS_L3S_IMOS_SRS_L3S_CS_Outer_18_40_Floating_447,115.610001,-32.189999
TEMP,IMOS_SRS_L3S_IMOS_SRS_L3S_CS_Outer_18_41_Floating_448,115.610001,-32.209999
TEMP,IMOS_SRS_L3S_IMOS_SRS_L3S_CS_Outer_18_42_Floating_449,115.610001,-32.230000
TEMP,IMOS_SRS_L3S_IMOS_SRS_L3S_CS_Outer_18_43_Floating_450,115.610001,-32.250000
TEMP,IMOS_SRS_L3S_IMOS_SRS_L3S_CS_Outer_18_44_Floating_451,115.610001,-32.270000
TEMP,IMOS_SRS_L3S_IMOS_SRS_L3S_CS_Outer_18_45_Floating_452,115.610001,-32.290001
TEMP,IMOS_SRS_L3S_IMOS_SRS_L3S_CS_Outer_18_46_Floating_453,115.610001,-32.310001
TEMP,IMOS_SRS_L3S_IMOS_SRS_L3S_CS_Outer_18_47_Floating_454,115.610001,-32.330002
TEMP,IMOS_SRS_L3S_IMOS_SRS_L3S_CS_Outer_18_48_Floating_455,115.610001,-32.349998
TEMP,IMOS_SRS_L3S_IMOS_SRS_L3S_CS_Outer_18_49_Floating_456,115.610001,-32.369999
TEMP,IMOS_SRS_L3S_IMOS_SRS_L3S_CS_Outer_18_50_Floating_457,115.610001,-32.389999
TEMP,IMOS_SRS_L3S_IMOS_SRS_L3S_CS_Outer_18_51_Floating_458,115.610001,-32.410000
TEMP,IMOS_SRS_L3S_IMOS_SRS_L3S_CS_Outer_18_52_Floating_459,115.610001,-32.430000
TEMP,IMOS_SRS_L3S_IMOS_SRS_L3S_CS_Outer_18_53_Floating_460,115.610001,-32.450001
TEMP,IMOS_SRS_L3S_IMOS_SRS_L3S_CS_Outer_18_54_Floating_461,115.610001,-32.470001
TEMP,IMOS_SRS_L3S_IMOS_SRS_L3S_CS_Outer_18_55_Floating_462,115.610001,-32.490002
TEMP,IMOS_SRS_L3S_IMOS_SRS_L3S_CS_Outer_18_56_Floating_463,115.610001,-32.509998
TEMP,IMOS_SRS_L3S_IMOS_SRS_L3S_CS_Outer_19_22_Floating_464,115.629997,-31.830000
TEMP,IMOS_SRS_L3S_IMOS_SRS_L3S_CS_Outer_19_23_Floating_465,115.629997,-31.850000
TEMP,IMOS_SRS_L3S_IMOS_SRS_L3S_CS_Outer_19_24_Floating_466,115.629997,-31.870001
TEMP,IMOS_SRS_L3S_IMOS_SRS_L3S_CS_Outer_19_25_Floating_467,115.629997,-31.889999
TEMP,IMOS_SRS_L3S_IMOS_SRS_L3S_CS_Outer_19_26_Floating_468,115.629997,-31.910000
TEMP,IMOS_SRS_L3S_IMOS_SRS_L3S_CS_Outer_19_27_Floating_469,115.629997,-31.930000
TEMP,IMOS_SRS_L3S_IMOS_SRS_L3S_CS_Outer_19_28_Floating_470,115.629997,-31.950001
TEMP,IMOS_SRS_L3S_IMOS_SRS_L3S_CS_Outer_19_29_Floating_471,115.629997,-31.969999
TEMP,IMOS_SRS_L3S_IMOS_SRS_L3S_CS_Outer_19_30_Floating_472,115.629997,-31.990000
TEMP,IMOS_SRS_L3S_IMOS_SRS_L3S_CS_Outer_19_31_Floating_473,115.629997,-32.009998
TEMP,IMOS_SRS_L3S_IMOS_SRS_L3S_CS_Outer_19_37_Floating_474,115.629997,-32.130001
TEMP,IMOS_SRS_L3S_IMOS_SRS_L3S_CS_Outer_19_38_Floating_475,115.629997,-32.150002
TEMP,IMOS_SRS_L3S_IMOS_SRS_L3S_CS_Outer_19_39_Floating_476,115.629997,-32.169998
TEMP,IMOS_SRS_L3S_IMOS_SRS_L3S_CS_Outer_19_40_Floating_477,115.629997,-32.189999
TEMP,IMOS_SRS_L3S_IMOS_SRS_L3S_CS_Outer_19_41_Floating_478,115.629997,-32.209999
TEMP,IMOS_SRS_L3S_IMOS_SRS_L3S_CS_Outer_19_42_Floating_479,115.629997,-32.230000
TEMP,IMOS_SRS_L3S_IMOS_SRS_L3S_CS_Outer_19_43_Floating_480,115.629997,-32.250000
TEMP,IMOS_SRS_L3S_IMOS_SRS_L3S_CS_Outer_19_44_Floating_481,115.629997,-32.270000
TEMP,IMOS_SRS_L3S_IMOS_SRS_L3S_CS_Outer_19_45_Floating_482,115.629997,-32.290001
TEMP,IMOS_SRS_L3S_IMOS_SRS_L3S_CS_Outer_19_46_Floating_483,115.629997,-32.310001
TEMP,IMOS_SRS_L3S_IMOS_SRS_L3S_CS_Outer_19_47_Floating_484,115.629997,-32.330002
TEMP,IMOS_SRS_L3S_IMOS_SRS_L3S_CS_Outer_19_48_Floating_485,115.629997,-32.349998
TEMP,IMOS_SRS_L3S_IMOS_SRS_L3S_CS_Outer_19_49_Floating_486,115.629997,-32.369999
TEMP,IMOS_SRS_L3S_IMOS_SRS_L3S_CS_Outer_19_50_Floating_487,115.629997,-32.389999
TEMP,IMOS_SRS_L3S_IMOS_SRS_L3S_CS_Outer_19_51_Floating_488,115.629997,-32.410000
TEMP,IMOS_SRS_L3S_IMOS_SRS_L3S_CS_Outer_19_52_Floating_489,115.629997,-32.430000
TEMP,IMOS_SRS_L3S_IMOS_SRS_L3S_CS_Outer_19_53_Floating_490,115.629997,-32.450001
TEMP,IMOS_SRS_L3S_IMOS_SRS_L3S_CS_Outer_19_54_Floating_491,115.629997,-32.470001
TEMP,IMOS_SRS_L3S_IMOS_SRS_L3S_CS_Outer_1_36_Floating_492,115.269997,-32.110001
TEMP,IMOS_SRS_L3S_IMOS_SRS_L3S_CS_Outer_1_37_Floating_493,115.269997,-32.130001
TEMP,IMOS_SRS_L3S_IMOS_SRS_L3S_CS_Outer_1_38_Floating_494,115.269997,-32.150002
TEMP,IMOS_SRS_L3S_IMOS_SRS_L3S_CS_Outer_1_39_Floating_495,115.269997,-32.169998
TEMP,IMOS_SRS_L3S_IMOS_SRS_L3S_CS_Outer_1_40_Floating_496,115.269997,-32.189999
TEMP,IMOS_SRS_L3S_IMOS_SRS_L3S_CS_Outer_1_41_Floating_497,115.269997,-32.209999
TEMP,IMOS_SRS_L3S_IMOS_SRS_L3S_CS_Outer_1_42_Floating_498,115.269997,-32.230000
TEMP,IMOS_SRS_L3S_IMOS_SRS_L3S_CS_Outer_1_43_Floating_499,115.269997,-32.250000
TEMP,IMOS_SRS_L3S_IMOS_SRS_L3S_CS_Outer_1_44_Floating_500,115.269997,-32.270000
TEMP,IMOS_SRS_L3S_IMOS_SRS_L3S_CS_Outer_1_45_Floating_501,115.269997,-32.290001
TEMP,IMOS_SRS_L3S_IMOS_SRS_L3S_CS_Outer_1_46_Floating_502,115.269997,-32.310001
TEMP,IMOS_SRS_L3S_IMOS_SRS_L3S_CS_Outer_1_47_Floating_503,115.269997,-32.330002
TEMP,IMOS_SRS_L3S_IMOS_SRS_L3S_CS_Outer_1_48_Floating_504,115.269997,-32.349998
TEMP,IMOS_SRS_L3S_IMOS_SRS_L3S_CS_Outer_1_49_Floating_505,115.269997,-32.369999
TEMP,IMOS_SRS_L3S_IMOS_SRS_L3S_CS_Outer_1_50_Floating_506,115.269997,-32.389999
TEMP,IMOS_SRS_L3S_IMOS_SRS_L3S_CS_Outer_1_51_Floating_507,115.269997,-32.410000
TEMP,IMOS_SRS_L3S_IMOS_SRS_L3S_CS_Outer_1_52_Floating_508,115.269997,-32.430000
TEMP,IMOS_SRS_L3S_IMOS_SRS_L3S_CS_Outer_1_53_Floating_509,115.269997,-32.450001
TEMP,IMOS_SRS_L3S_IMOS_SRS_L3S_CS_Outer_1_54_Floating_510,115.269997,-32.470001
TEMP,IMOS_SRS_L3S_IMOS_SRS_L3S_CS_Outer_1_55_Floating_511,115.269997,-32.490002
TEMP,IMOS_SRS_L3S_IMOS_SRS_L3S_CS_Outer_1_56_Floating_512,115.269997,-32.509998
TEMP,IMOS_SRS_L3S_IMOS_SRS_L3S_CS_Outer_1_57_Floating_513,115.269997,-32.529999
TEMP,IMOS_SRS_L3S_IMOS_SRS_L3S_CS_Outer_1_58_Floating_514,115.269997,-32.549999
TEMP,IMOS_SRS_L3S_IMOS_SRS_L3S_CS_Outer_1_59_Floating_515,115.269997,-32.570000
TEMP,IMOS_SRS_L3S_IMOS_SRS_L3S_CS_Outer_1_60_Floating_516,115.269997,-32.590000
TEMP,IMOS_SRS_L3S_IMOS_SRS_L3S_CS_Outer_1_61_Floating_517,115.269997,-32.610001
TEMP,IMOS_SRS_L3S_IMOS_SRS_L3S_CS_Outer_20_43_Floating_518,115.650002,-32.250000
TEMP,IMOS_SRS_L3S_IMOS_SRS_L3S_CS_Outer_20_44_Floating_519,115.650002,-32.270000
TEMP,IMOS_SRS_L3S_IMOS_SRS_L3S_CS_Outer_20_45_Floating_520,115.650002,-32.290001
TEMP,IMOS_SRS_L3S_IMOS_SRS_L3S_CS_Outer_20_46_Floating_521,115.650002,-32.310001
TEMP,IMOS_SRS_L3S_IMOS_SRS_L3S_CS_Outer_20_47_Floating_522,115.650002,-32.330002
TEMP,IMOS_SRS_L3S_IMOS_SRS_L3S_CS_Outer_20_48_Floating_523,115.650002,-32.349998
TEMP,IMOS_SRS_L3S_IMOS_SRS_L3S_CS_Outer_20_49_Floating_524,115.650002,-32.369999
TEMP,IMOS_SRS_L3S_IMOS_SRS_L3S_CS_Outer_20_50_Floating_525,115.650002,-32.389999
TEMP,IMOS_SRS_L3S_IMOS_SRS_L3S_CS_Outer_20_51_Floating_526,115.650002,-32.410000
TEMP,IMOS_SRS_L3S_IMOS_SRS_L3S_CS_Outer_20_52_Floating_527,115.650002,-32.430000
TEMP,IMOS_SRS_L3S_IMOS_SRS_L3S_CS_Outer_21_46_Floating_528,115.669998,-32.310001
TEMP,IMOS_SRS_L3S_IMOS_SRS_L3S_CS_Outer_21_47_Floating_529,115.669998,-32.330002
TEMP,IMOS_SRS_L3S_IMOS_SRS_L3S_CS_Outer_21_48_Floating_530,115.669998,-32.349998
TEMP,IMOS_SRS_L3S_IMOS_SRS_L3S_CS_Outer_21_49_Floating_531,115.669998,-32.369999
TEMP,IMOS_SRS_L3S_IMOS_SRS_L3S_CS_Outer_21_50_Floating_532,115.669998,-32.389999
TEMP,IMOS_SRS_L3S_IMOS_SRS_L3S_CS_Outer_2_23_Floating_533,115.290001,-31.850000
TEMP,IMOS_SRS_L3S_IMOS_SRS_L3S_CS_Outer_2_24_Floating_534,115.290001,-31.870001
TEMP,IMOS_SRS_L3S_IMOS_SRS_L3S_CS_Outer_2_25_Floating_535,115.290001,-31.889999
TEMP,IMOS_SRS_L3S_IMOS_SRS_L3S_CS_Outer_2_26_Floating_536,115.290001,-31.910000
TEMP,IMOS_SRS_L3S_IMOS_SRS_L3S_CS_Outer_2_27_Floating_537,115.290001,-31.930000
TEMP,IMOS_SRS_L3S_IMOS_SRS_L3S_CS_Outer_2_28_Floating_538,115.290001,-31.950001
TEMP,IMOS_SRS_L3S_IMOS_SRS_L3S_CS_Outer_2_29_Floating_539,115.290001,-31.969999
TEMP,IMOS_SRS_L3S_IMOS_SRS_L3S_CS_Outer_2_30_Floating_540,115.290001,-31.990000
TEMP,IMOS_SRS_L3S_IMOS_SRS_L3S_CS_Outer_2_31_Floating_541,115.290001,-32.009998
TEMP,IMOS_SRS_L3S_IMOS_SRS_L3S_CS_Outer_2_32_Floating_542,115.290001,-32.029999
TEMP,IMOS_SRS_L3S_IMOS_SRS_L3S_CS_Outer_2_33_Floating_543,115.290001,-32.049999
TEMP,IMOS_SRS_L3S_IMOS_SRS_L3S_CS_Outer_2_34_Floating_544,115.290001,-32.070000
TEMP,IMOS_SRS_L3S_IMOS_SRS_L3S_CS_Outer_2_35_Floating_545,115.290001,-32.090000
TEMP,IMOS_SRS_L3S_IMOS_SRS_L3S_CS_Outer_2_36_Floating_546,115.290001,-32.110001
TEMP,IMOS_SRS_L3S_IMOS_SRS_L3S_CS_Outer_2_37_Floating_547,115.290001,-32.130001
TEMP,IMOS_SRS_L3S_IMOS_SRS_L3S_CS_Outer_2_38_Floating_548,115.290001,-32.150002
TEMP,IMOS_SRS_L3S_IMOS_SRS_L3S_CS_Outer_2_39_Floating_549,115.290001,-32.169998
TEMP,IMOS_SRS_L3S_IMOS_SRS_L3S_CS_Outer_2_40_Floating_550,115.290001,-32.189999
TEMP,IMOS_SRS_L3S_IMOS_SRS_L3S_CS_Outer_2_41_Floating_551,115.290001,-32.209999
TEMP,IMOS_SRS_L3S_IMOS_SRS_L3S_CS_Outer_2_42_Floating_552,115.290001,-32.230000
TEMP,IMOS_SRS_L3S_IMOS_SRS_L3S_CS_Outer_2_43_Floating_553,115.290001,-32.250000
TEMP,IMOS_SRS_L3S_IMOS_SRS_L3S_CS_Outer_2_44_Floating_554,115.290001,-32.270000
TEMP,IMOS_SRS_L3S_IMOS_SRS_L3S_CS_Outer_2_45_Floating_555,115.290001,-32.290001
TEMP,IMOS_SRS_L3S_IMOS_SRS_L3S_CS_Outer_2_46_Floating_556,115.290001,-32.310001
TEMP,IMOS_SRS_L3S_IMOS_SRS_L3S_CS_Outer_2_47_Floating_557,115.290001,-32.330002
TEMP,IMOS_SRS_L3S_IMOS_SRS_L3S_CS_Outer_2_48_Floating_558,115.290001,-32.349998
TEMP,IMOS_SRS_L3S_IMOS_SRS_L3S_CS_Outer_2_49_Floating_559,115.290001,-32.369999
TEMP,IMOS_SRS_L3S_IMOS_SRS_L3S_CS_Outer_2_50_Floating_560,115.290001,-32.389999
TEMP,IMOS_SRS_L3S_IMOS_SRS_L3S_CS_Outer_2_51_Floating_561,115.290001,-32.410000
TEMP,IMOS_SRS_L3S_IMOS_SRS_L3S_CS_Outer_2_52_Floating_562,115.290001,-32.430000
TEMP,IMOS_SRS_L3S_IMOS_SRS_L3S_CS_Outer_2_53_Floating_563,115.290001,-32.450001
TEMP,IMOS_SRS_L3S_IMOS_SRS_L3S_CS_Outer_2_54_Floating_564,115.290001,-32.470001
TEMP,IMOS_SRS_L3S_IMOS_SRS_L3S_CS_Outer_2_55_Floating_565,115.290001,-32.490002
TEMP,IMOS_SRS_L3S_IMOS_SRS_L3S_CS_Outer_2_56_Floating_566,115.290001,-32.509998
TEMP,IMOS_SRS_L3S_IMOS_SRS_L3S_CS_Outer_2_57_Floating_567,115.290001,-32.529999
TEMP,IMOS_SRS_L3S_IMOS_SRS_L3S_CS_Outer_2_58_Floating_568,115.290001,-32.549999
TEMP,IMOS_SRS_L3S_IMOS_SRS_L3S_CS_Outer_2_59_Floating_569,115.290001,-32.570000
TEMP,IMOS_SRS_L3S_IMOS_SRS_L3S_CS_Outer_2_60_Floating_570,115.290001,-32.590000
TEMP,IMOS_SRS_L3S_IMOS_SRS_L3S_CS_Outer_2_61_Floating_571,115.290001,-32.610001
TEMP,IMOS_SRS_L3S_IMOS_SRS_L3S_CS_Outer_3_17_Floating_572,115.309998,-31.730000
TEMP,IMOS_SRS_L3S_IMOS_SRS_L3S_CS_Outer_3_18_Floating_573,115.309998,-31.750000
TEMP,IMOS_SRS_L3S_IMOS_SRS_L3S_CS_Outer_3_19_Floating_574,115.309998,-31.770000
TEMP,IMOS_SRS_L3S_IMOS_SRS_L3S_CS_Outer_3_20_Floating_575,115.309998,-31.790001
TEMP,IMOS_SRS_L3S_IMOS_SRS_L3S_CS_Outer_3_21_Floating_576,115.309998,-31.809999
TEMP,IMOS_SRS_L3S_IMOS_SRS_L3S_CS_Outer_3_22_Floating_577,115.309998,-31.830000
TEMP,IMOS_SRS_L3S_IMOS_SRS_L3S_CS_Outer_3_23_Floating_578,115.309998,-31.850000
TEMP,IMOS_SRS_L3S_IMOS_SRS_L3S_CS_Outer_3_24_Floating_579,115.309998,-31.870001
TEMP,IMOS_SRS_L3S_IMOS_SRS_L3S_CS_Outer_3_25_Floating_580,115.309998,-31.889999
TEMP,IMOS_SRS_L3S_IMOS_SRS_L3S_CS_Outer_3_26_Floating_581,115.309998,-31.910000
TEMP,IMOS_SRS_L3S_IMOS_SRS_L3S_CS_Outer_3_27_Floating_582,115.309998,-31.930000
TEMP,IMOS_SRS_L3S_IMOS_SRS_L3S_CS_Outer_3_28_Floating_583,115.309998,-31.950001
TEMP,IMOS_SRS_L3S_IMOS_SRS_L3S_CS_Outer_3_29_Floating_584,115.309998,-31.969999
TEMP,IMOS_SRS_L3S_IMOS_SRS_L3S_CS_Outer_3_30_Floating_585,115.309998,-31.990000
TEMP,IMOS_SRS_L3S_IMOS_SRS_L3S_CS_Outer_3_31_Floating_586,115.309998,-32.009998
TEMP,IMOS_SRS_L3S_IMOS_SRS_L3S_CS_Outer_3_32_Floating_587,115.309998,-32.029999
TEMP,IMOS_SRS_L3S_IMOS_SRS_L3S_CS_Outer_3_33_Floating_588,115.309998,-32.049999
TEMP,IMOS_SRS_L3S_IMOS_SRS_L3S_CS_Outer_3_34_Floating_589,115.309998,-32.070000
TEMP,IMOS_SRS_L3S_IMOS_SRS_L3S_CS_Outer_3_35_Floating_590,115.309998,-32.090000
TEMP,IMOS_SRS_L3S_IMOS_SRS_L3S_CS_Outer_3_36_Floating_591,115.309998,-32.110001
TEMP,IMOS_SRS_L3S_IMOS_SRS_L3S_CS_Outer_3_37_Floating_592,115.309998,-32.130001
TEMP,IMOS_SRS_L3S_IMOS_SRS_L3S_CS_Outer_3_38_Floating_593,115.309998,-32.150002
TEMP,IMOS_SRS_L3S_IMOS_SRS_L3S_CS_Outer_3_39_Floating_594,115.309998,-32.169998
TEMP,IMOS_SRS_L3S_IMOS_SRS_L3S_CS_Outer_3_40_Floating_595,115.309998,-32.189999
TEMP,IMOS_SRS_L3S_IMOS_SRS_L3S_CS_Outer_3_41_Floating_596,115.309998,-32.209999
TEMP,IMOS_SRS_L3S_IMOS_SRS_L3S_CS_Outer_3_42_Floating_597,115.309998,-32.230000
TEMP,IMOS_SRS_L3S_IMOS_SRS_L3S_CS_Outer_3_43_Floating_598,115.309998,-32.250000
TEMP,IMOS_SRS_L3S_IMOS_SRS_L3S_CS_Outer_3_44_Floating_599,115.309998,-32.270000
TEMP,IMOS_SRS_L3S_IMOS_SRS_L3S_CS_Outer_3_45_Floating_600,115.309998,-32.290001
TEMP,IMOS_SRS_L3S_IMOS_SRS_L3S_CS_Outer_3_46_Floating_601,115.309998,-32.310001
TEMP,IMOS_SRS_L3S_IMOS_SRS_L3S_CS_Outer_3_47_Floating_602,115.309998,-32.330002
TEMP,IMOS_SRS_L3S_IMOS_SRS_L3S_CS_Outer_3_48_Floating_603,115.309998,-32.349998
TEMP,IMOS_SRS_L3S_IMOS_SRS_L3S_CS_Outer_3_49_Floating_604,115.309998,-32.369999
TEMP,IMOS_SRS_L3S_IMOS_SRS_L3S_CS_Outer_3_50_Floating_605,115.309998,-32.389999
TEMP,IMOS_SRS_L3S_IMOS_SRS_L3S_CS_Outer_3_51_Floating_606,115.309998,-32.410000
TEMP,IMOS_SRS_L3S_IMOS_SRS_L3S_CS_Outer_3_52_Floating_607,115.309998,-32.430000
TEMP,IMOS_SRS_L3S_IMOS_SRS_L3S_CS_Outer_3_53_Floating_608,115.309998,-32.450001
TEMP,IMOS_SRS_L3S_IMOS_SRS_L3S_CS_Outer_3_54_Floating_609,115.309998,-32.470001
TEMP,IMOS_SRS_L3S_IMOS_SRS_L3S_CS_Outer_3_55_Floating_610,115.309998,-32.490002
TEMP,IMOS_SRS_L3S_IMOS_SRS_L3S_CS_Outer_3_56_Floating_611,115.309998,-32.509998
TEMP,IMOS_SRS_L3S_IMOS_SRS_L3S_CS_Outer_3_57_Floating_612,115.309998,-32.529999
TEMP,IMOS_SRS_L3S_IMOS_SRS_L3S_CS_Outer_3_58_Floating_613,115.309998,-32.549999
TEMP,IMOS_SRS_L3S_IMOS_SRS_L3S_CS_Outer_3_59_Floating_614,115.309998,-32.570000
TEMP,IMOS_SRS_L3S_IMOS_SRS_L3S_CS_Outer_3_60_Floating_615,115.309998,-32.590000
TEMP,IMOS_SRS_L3S_IMOS_SRS_L3S_CS_Outer_3_61_Floating_616,115.309998,-32.610001
TEMP,IMOS_SRS_L3S_IMOS_SRS_L3S_CS_Outer_4_17_Floating_617,115.330002,-31.730000
TEMP,IMOS_SRS_L3S_IMOS_SRS_L3S_CS_Outer_4_18_Floating_618,115.330002,-31.750000
TEMP,IMOS_SRS_L3S_IMOS_SRS_L3S_CS_Outer_4_19_Floating_619,115.330002,-31.770000
TEMP,IMOS_SRS_L3S_IMOS_SRS_L3S_CS_Outer_4_20_Floating_620,115.330002,-31.790001
TEMP,IMOS_SRS_L3S_IMOS_SRS_L3S_CS_Outer_4_21_Floating_621,115.330002,-31.809999
TEMP,IMOS_SRS_L3S_IMOS_SRS_L3S_CS_Outer_4_22_Floating_622,115.330002,-31.830000
TEMP,IMOS_SRS_L3S_IMOS_SRS_L3S_CS_Outer_4_23_Floating_623,115.330002,-31.850000
TEMP,IMOS_SRS_L3S_IMOS_SRS_L3S_CS_Outer_4_24_Floating_624,115.330002,-31.870001
TEMP,IMOS_SRS_L3S_IMOS_SRS_L3S_CS_Outer_4_25_Floating_625,115.330002,-31.889999
TEMP,IMOS_SRS_L3S_IMOS_SRS_L3S_CS_Outer_4_26_Floating_626,115.330002,-31.910000
TEMP,IMOS_SRS_L3S_IMOS_SRS_L3S_CS_Outer_4_27_Floating_627,115.330002,-31.930000
TEMP,IMOS_SRS_L3S_IMOS_SRS_L3S_CS_Outer_4_28_Floating_628,115.330002,-31.950001
TEMP,IMOS_SRS_L3S_IMOS_SRS_L3S_CS_Outer_4_29_Floating_629,115.330002,-31.969999
TEMP,IMOS_SRS_L3S_IMOS_SRS_L3S_CS_Outer_4_30_Floating_630,115.330002,-31.990000
TEMP,IMOS_SRS_L3S_IMOS_SRS_L3S_CS_Outer_4_31_Floating_631,115.330002,-32.009998
TEMP,IMOS_SRS_L3S_IMOS_SRS_L3S_CS_Outer_4_32_Floating_632,115.330002,-32.029999
TEMP,IMOS_SRS_L3S_IMOS_SRS_L3S_CS_Outer_4_33_Floating_633,115.330002,-32.049999
TEMP,IMOS_SRS_L3S_IMOS_SRS_L3S_CS_Outer_4_34_Floating_634,115.330002,-32.070000
TEMP,IMOS_SRS_L3S_IMOS_SRS_L3S_CS_Outer_4_35_Floating_635,115.330002,-32.090000
TEMP,IMOS_SRS_L3S_IMOS_SRS_L3S_CS_Outer_4_36_Floating_636,115.330002,-32.110001
TEMP,IMOS_SRS_L3S_IMOS_SRS_L3S_CS_Outer_4_37_Floating_637,115.330002,-32.130001
TEMP,IMOS_SRS_L3S_IMOS_SRS_L3S_CS_Outer_4_38_Floating_638,115.330002,-32.150002
TEMP,IMOS_SRS_L3S_IMOS_SRS_L3S_CS_Outer_4_39_Floating_639,115.330002,-32.169998
TEMP,IMOS_SRS_L3S_IMOS_SRS_L3S_CS_Outer_4_40_Floating_640,115.330002,-32.189999
TEMP,IMOS_SRS_L3S_IMOS_SRS_L3S_CS_Outer_4_41_Floating_641,115.330002,-32.209999
TEMP,IMOS_SRS_L3S_IMOS_SRS_L3S_CS_Outer_4_42_Floating_642,115.330002,-32.230000
TEMP,IMOS_SRS_L3S_IMOS_SRS_L3S_CS_Outer_4_43_Floating_643,115.330002,-32.250000
TEMP,IMOS_SRS_L3S_IMOS_SRS_L3S_CS_Outer_4_44_Floating_644,115.330002,-32.270000
TEMP,IMOS_SRS_L3S_IMOS_SRS_L3S_CS_Outer_4_45_Floating_645,115.330002,-32.290001
TEMP,IMOS_SRS_L3S_IMOS_SRS_L3S_CS_Outer_4_46_Floating_646,115.330002,-32.310001
TEMP,IMOS_SRS_L3S_IMOS_SRS_L3S_CS_Outer_4_47_Floating_647,115.330002,-32.330002
TEMP,IMOS_SRS_L3S_IMOS_SRS_L3S_CS_Outer_4_48_Floating_648,115.330002,-32.349998
TEMP,IMOS_SRS_L3S_IMOS_SRS_L3S_CS_Outer_4_49_Floating_649,115.330002,-32.369999
TEMP,IMOS_SRS_L3S_IMOS_SRS_L3S_CS_Outer_4_50_Floating_650,115.330002,-32.389999
TEMP,IMOS_SRS_L3S_IMOS_SRS_L3S_CS_Outer_4_51_Floating_651,115.330002,-32.410000
TEMP,IMOS_SRS_L3S_IMOS_SRS_L3S_CS_Outer_4_52_Floating_652,115.330002,-32.430000
TEMP,IMOS_SRS_L3S_IMOS_SRS_L3S_CS_Outer_4_53_Floating_653,115.330002,-32.450001
TEMP,IMOS_SRS_L3S_IMOS_SRS_L3S_CS_Outer_4_54_Floating_654,115.330002,-32.470001
TEMP,IMOS_SRS_L3S_IMOS_SRS_L3S_CS_Outer_4_55_Floating_655,115.330002,-32.490002
TEMP,IMOS_SRS_L3S_IMOS_SRS_L3S_CS_Outer_4_56_Floating_656,115.330002,-32.509998
TEMP,IMOS_SRS_L3S_IMOS_SRS_L3S_CS_Outer_4_57_Floating_657,115.330002,-32.529999
TEMP,IMOS_SRS_L3S_IMOS_SRS_L3S_CS_Outer_4_58_Floating_658,115.330002,-32.549999
TEMP,IMOS_SRS_L3S_IMOS_SRS_L3S_CS_Outer_4_59_Floating_659,115.330002,-32.570000
TEMP,IMOS_SRS_L3S_IMOS_SRS_L3S_CS_Outer_4_60_Floating_660,115.330002,-32.590000
TEMP,IMOS_SRS_L3S_IMOS_SRS_L3S_CS_Outer_4_61_Floating_661,115.330002,-32.610001
TEMP,IMOS_SRS_L3S_IMOS_SRS_L3S_CS_Outer_4_62_Floating_662,115.330002,-32.630001
TEMP,IMOS_SRS_L3S_IMOS_SRS_L3S_CS_Outer_5_17_Floating_663,115.349998,-31.730000
TEMP,IMOS_SRS_L3S_IMOS_SRS_L3S_CS_Outer_5_18_Floating_664,115.349998,-31.750000
TEMP,IMOS_SRS_L3S_IMOS_SRS_L3S_CS_Outer_5_19_Floating_665,115.349998,-31.770000
TEMP,IMOS_SRS_L3S_IMOS_SRS_L3S_CS_Outer_5_20_Floating_666,115.349998,-31.790001
TEMP,IMOS_SRS_L3S_IMOS_SRS_L3S_CS_Outer_5_21_Floating_667,115.349998,-31.809999
TEMP,IMOS_SRS_L3S_IMOS_SRS_L3S_CS_Outer_5_22_Floating_668,115.349998,-31.830000
TEMP,IMOS_SRS_L3S_IMOS_SRS_L3S_CS_Outer_5_23_Floating_669,115.349998,-31.850000
TEMP,IMOS_SRS_L3S_IMOS_SRS_L3S_CS_Outer_5_24_Floating_670,115.349998,-31.870001
TEMP,IMOS_SRS_L3S_IMOS_SRS_L3S_CS_Outer_5_25_Floating_671,115.349998,-31.889999
TEMP,IMOS_SRS_L3S_IMOS_SRS_L3S_CS_Outer_5_26_Floating_672,115.349998,-31.910000
TEMP,IMOS_SRS_L3S_IMOS_SRS_L3S_CS_Outer_5_27_Floating_673,115.349998,-31.930000
TEMP,IMOS_SRS_L3S_IMOS_SRS_L3S_CS_Outer_5_28_Floating_674,115.349998,-31.950001
TEMP,IMOS_SRS_L3S_IMOS_SRS_L3S_CS_Outer_5_29_Floating_675,115.349998,-31.969999
TEMP,IMOS_SRS_L3S_IMOS_SRS_L3S_CS_Outer_5_30_Floating_676,115.349998,-31.990000
TEMP,IMOS_SRS_L3S_IMOS_SRS_L3S_CS_Outer_5_31_Floating_677,115.349998,-32.009998
TEMP,IMOS_SRS_L3S_IMOS_SRS_L3S_CS_Outer_5_32_Floating_678,115.349998,-32.029999
TEMP,IMOS_SRS_L3S_IMOS_SRS_L3S_CS_Outer_5_33_Floating_679,115.349998,-32.049999
TEMP,IMOS_SRS_L3S_IMOS_SRS_L3S_CS_Outer_5_34_Floating_680,115.349998,-32.070000
TEMP,IMOS_SRS_L3S_IMOS_SRS_L3S_CS_Outer_5_35_Floating_681,115.349998,-32.090000
TEMP,IMOS_SRS_L3S_IMOS_SRS_L3S_CS_Outer_5_36_Floating_682,115.349998,-32.110001
TEMP,IMOS_SRS_L3S_IMOS_SRS_L3S_CS_Outer_5_37_Floating_683,115.349998,-32.130001
TEMP,IMOS_SRS_L3S_IMOS_SRS_L3S_CS_Outer_5_38_Floating_684,115.349998,-32.150002
TEMP,IMOS_SRS_L3S_IMOS_SRS_L3S_CS_Outer_5_39_Floating_685,115.349998,-32.169998
TEMP,IMOS_SRS_L3S_IMOS_SRS_L3S_CS_Outer_5_40_Floating_686,115.349998,-32.189999
TEMP,IMOS_SRS_L3S_IMOS_SRS_L3S_CS_Outer_5_41_Floating_687,115.349998,-32.209999
TEMP,IMOS_SRS_L3S_IMOS_SRS_L3S_CS_Outer_5_42_Floating_688,115.349998,-32.230000
TEMP,IMOS_SRS_L3S_IMOS_SRS_L3S_CS_Outer_5_43_Floating_689,115.349998,-32.250000
TEMP,IMOS_SRS_L3S_IMOS_SRS_L3S_CS_Outer_5_44_Floating_690,115.349998,-32.270000
TEMP,IMOS_SRS_L3S_IMOS_SRS_L3S_CS_Outer_5_45_Floating_691,115.349998,-32.290001
TEMP,IMOS_SRS_L3S_IMOS_SRS_L3S_CS_Outer_5_46_Floating_692,115.349998,-32.310001
TEMP,IMOS_SRS_L3S_IMOS_SRS_L3S_CS_Outer_5_47_Floating_693,115.349998,-32.330002
TEMP,IMOS_SRS_L3S_IMOS_SRS_L3S_CS_Outer_5_48_Floating_694,115.349998,-32.349998
TEMP,IMOS_SRS_L3S_IMOS_SRS_L3S_CS_Outer_5_49_Floating_695,115.349998,-32.369999
TEMP,IMOS_SRS_L3S_IMOS_SRS_L3S_CS_Outer_5_50_Floating_696,115.349998,-32.389999
TEMP,IMOS_SRS_L3S_IMOS_SRS_L3S_CS_Outer_5_51_Floating_697,115.349998,-32.410000
TEMP,IMOS_SRS_L3S_IMOS_SRS_L3S_CS_Outer_5_52_Floating_698,115.349998,-32.430000
TEMP,IMOS_SRS_L3S_IMOS_SRS_L3S_CS_Outer_5_53_Floating_699,115.349998,-32.450001
TEMP,IMOS_SRS_L3S_IMOS_SRS_L3S_CS_Outer_5_54_Floating_700,115.349998,-32.470001
TEMP,IMOS_SRS_L3S_IMOS_SRS_L3S_CS_Outer_5_55_Floating_701,115.349998,-32.490002
TEMP,IMOS_SRS_L3S_IMOS_SRS_L3S_CS_Outer_5_56_Floating_702,115.349998,-32.509998
TEMP,IMOS_SRS_L3S_IMOS_SRS_L3S_CS_Outer_5_57_Floating_703,115.349998,-32.529999
TEMP,IMOS_SRS_L3S_IMOS_SRS_L3S_CS_Outer_5_58_Floating_704,115.349998,-32.549999
TEMP,IMOS_SRS_L3S_IMOS_SRS_L3S_CS_Outer_5_59_Floating_705,115.349998,-32.570000
TEMP,IMOS_SRS_L3S_IMOS_SRS_L3S_CS_Outer_5_60_Floating_706,115.349998,-32.590000
TEMP,IMOS_SRS_L3S_IMOS_SRS_L3S_CS_Outer_5_61_Floating_707,115.349998,-32.610001
TEMP,IMOS_SRS_L3S_IMOS_SRS_L3S_CS_Outer_5_62_Floating_708,115.349998,-32.630001
TEMP,IMOS_SRS_L3S_IMOS_SRS_L3S_CS_Outer_6_17_Floating_709,115.370003,-31.730000
TEMP,IMOS_SRS_L3S_IMOS_SRS_L3S_CS_Outer_6_18_Floating_710,115.370003,-31.750000
TEMP,IMOS_SRS_L3S_IMOS_SRS_L3S_CS_Outer_6_19_Floating_711,115.370003,-31.770000
TEMP,IMOS_SRS_L3S_IMOS_SRS_L3S_CS_Outer_6_20_Floating_712,115.370003,-31.790001
TEMP,IMOS_SRS_L3S_IMOS_SRS_L3S_CS_Outer_6_21_Floating_713,115.370003,-31.809999
TEMP,IMOS_SRS_L3S_IMOS_SRS_L3S_CS_Outer_6_22_Floating_714,115.370003,-31.830000
TEMP,IMOS_SRS_L3S_IMOS_SRS_L3S_CS_Outer_6_23_Floating_715,115.370003,-31.850000
TEMP,IMOS_SRS_L3S_IMOS_SRS_L3S_CS_Outer_6_24_Floating_716,115.370003,-31.870001
TEMP,IMOS_SRS_L3S_IMOS_SRS_L3S_CS_Outer_6_25_Floating_717,115.370003,-31.889999
TEMP,IMOS_SRS_L3S_IMOS_SRS_L3S_CS_Outer_6_26_Floating_718,115.370003,-31.910000
TEMP,IMOS_SRS_L3S_IMOS_SRS_L3S_CS_Outer_6_27_Floating_719,115.370003,-31.930000
TEMP,IMOS_SRS_L3S_IMOS_SRS_L3S_CS_Outer_6_28_Floating_720,115.370003,-31.950001
TEMP,IMOS_SRS_L3S_IMOS_SRS_L3S_CS_Outer_6_29_Floating_721,115.370003,-31.969999
TEMP,IMOS_SRS_L3S_IMOS_SRS_L3S_CS_Outer_6_30_Floating_722,115.370003,-31.990000
TEMP,IMOS_SRS_L3S_IMOS_SRS_L3S_CS_Outer_6_31_Floating_723,115.370003,-32.009998
TEMP,IMOS_SRS_L3S_IMOS_SRS_L3S_CS_Outer_6_32_Floating_724,115.370003,-32.029999
TEMP,IMOS_SRS_L3S_IMOS_SRS_L3S_CS_Outer_6_33_Floating_725,115.370003,-32.049999
TEMP,IMOS_SRS_L3S_IMOS_SRS_L3S_CS_Outer_6_34_Floating_726,115.370003,-32.070000
TEMP,IMOS_SRS_L3S_IMOS_SRS_L3S_CS_Outer_6_35_Floating_727,115.370003,-32.090000
TEMP,IMOS_SRS_L3S_IMOS_SRS_L3S_CS_Outer_6_36_Floating_728,115.370003,-32.110001
TEMP,IMOS_SRS_L3S_IMOS_SRS_L3S_CS_Outer_6_37_Floating_729,115.370003,-32.130001
TEMP,IMOS_SRS_L3S_IMOS_SRS_L3S_CS_Outer_6_38_Floating_730,115.370003,-32.150002
TEMP,IMOS_SRS_L3S_IMOS_SRS_L3S_CS_Outer_6_39_Floating_731,115.370003,-32.169998
TEMP,IMOS_SRS_L3S_IMOS_SRS_L3S_CS_Outer_6_40_Floating_732,115.370003,-32.189999
TEMP,IMOS_SRS_L3S_IMOS_SRS_L3S_CS_Outer_6_41_Floating_733,115.370003,-32.209999
TEMP,IMOS_SRS_L3S_IMOS_SRS_L3S_CS_Outer_6_42_Floating_734,115.370003,-32.230000
TEMP,IMOS_SRS_L3S_IMOS_SRS_L3S_CS_Outer_6_43_Floating_735,115.370003,-32.250000
TEMP,IMOS_SRS_L3S_IMOS_SRS_L3S_CS_Outer_6_44_Floating_736,115.370003,-32.270000
TEMP,IMOS_SRS_L3S_IMOS_SRS_L3S_CS_Outer_6_45_Floating_737,115.370003,-32.290001
TEMP,IMOS_SRS_L3S_IMOS_SRS_L3S_CS_Outer_6_46_Floating_738,115.370003,-32.310001
TEMP,IMOS_SRS_L3S_IMOS_SRS_L3S_CS_Outer_6_47_Floating_739,115.370003,-32.330002
TEMP,IMOS_SRS_L3S_IMOS_SRS_L3S_CS_Outer_6_48_Floating_740,115.370003,-32.349998
TEMP,IMOS_SRS_L3S_IMOS_SRS_L3S_CS_Outer_6_49_Floating_741,115.370003,-32.369999
TEMP,IMOS_SRS_L3S_IMOS_SRS_L3S_CS_Outer_6_50_Floating_742,115.370003,-32.389999
TEMP,IMOS_SRS_L3S_IMOS_SRS_L3S_CS_Outer_6_51_Floating_743,115.370003,-32.410000
TEMP,IMOS_SRS_L3S_IMOS_SRS_L3S_CS_Outer_6_52_Floating_744,115.370003,-32.430000
TEMP,IMOS_SRS_L3S_IMOS_SRS_L3S_CS_Outer_6_53_Floating_745,115.370003,-32.450001
TEMP,IMOS_SRS_L3S_IMOS_SRS_L3S_CS_Outer_6_54_Floating_746,115.370003,-32.470001
TEMP,IMOS_SRS_L3S_IMOS_SRS_L3S_CS_Outer_6_55_Floating_747,115.370003,-32.490002
TEMP,IMOS_SRS_L3S_IMOS_SRS_L3S_CS_Outer_6_56_Floating_748,115.370003,-32.509998
TEMP,IMOS_SRS_L3S_IMOS_SRS_L3S_CS_Outer_6_57_Floating_749,115.370003,-32.529999
TEMP,IMOS_SRS_L3S_IMOS_SRS_L3S_CS_Outer_6_58_Floating_750,115.370003,-32.549999
TEMP,IMOS_SRS_L3S_IMOS_SRS_L3S_CS_Outer_6_59_Floating_751,115.370003,-32.570000
TEMP,IMOS_SRS_L3S_IMOS_SRS_L3S_CS_Outer_6_60_Floating_752,115.370003,-32.590000
TEMP,IMOS_SRS_L3S_IMOS_SRS_L3S_CS_Outer_6_61_Floating_753,115.370003,-32.610001
TEMP,IMOS_SRS_L3S_IMOS_SRS_L3S_CS_Outer_6_62_Floating_754,115.370003,-32.630001
TEMP,IMOS_SRS_L3S_IMOS_SRS_L3S_CS_Outer_7_17_Floating_755,115.389999,-31.730000
TEMP,IMOS_SRS_L3S_IMOS_SRS_L3S_CS_Outer_7_18_Floating_756,115.389999,-31.750000
TEMP,IMOS_SRS_L3S_IMOS_SRS_L3S_CS_Outer_7_19_Floating_757,115.389999,-31.770000
TEMP,IMOS_SRS_L3S_IMOS_SRS_L3S_CS_Outer_7_20_Floating_758,115.389999,-31.790001
TEMP,IMOS_SRS_L3S_IMOS_SRS_L3S_CS_Outer_7_21_Floating_759,115.389999,-31.809999
TEMP,IMOS_SRS_L3S_IMOS_SRS_L3S_CS_Outer_7_22_Floating_760,115.389999,-31.830000
TEMP,IMOS_SRS_L3S_IMOS_SRS_L3S_CS_Outer_7_23_Floating_761,115.389999,-31.850000
TEMP,IMOS_SRS_L3S_IMOS_SRS_L3S_CS_Outer_7_24_Floating_762,115.389999,-31.870001
TEMP,IMOS_SRS_L3S_IMOS_SRS_L3S_CS_Outer_7_25_Floating_763,115.389999,-31.889999
TEMP,IMOS_SRS_L3S_IMOS_SRS_L3S_CS_Outer_7_26_Floating_764,115.389999,-31.910000
TEMP,IMOS_SRS_L3S_IMOS_SRS_L3S_CS_Outer_7_27_Floating_765,115.389999,-31.930000
TEMP,IMOS_SRS_L3S_IMOS_SRS_L3S_CS_Outer_7_28_Floating_766,115.389999,-31.950001
TEMP,IMOS_SRS_L3S_IMOS_SRS_L3S_CS_Outer_7_29_Floating_767,115.389999,-31.969999
TEMP,IMOS_SRS_L3S_IMOS_SRS_L3S_CS_Outer_7_30_Floating_768,115.389999,-31.990000
TEMP,IMOS_SRS_L3S_IMOS_SRS_L3S_CS_Outer_7_31_Floating_769,115.389999,-32.009998
TEMP,IMOS_SRS_L3S_IMOS_SRS_L3S_CS_Outer_7_32_Floating_770,115.389999,-32.029999
TEMP,IMOS_SRS_L3S_IMOS_SRS_L3S_CS_Outer_7_33_Floating_771,115.389999,-32.049999
TEMP,IMOS_SRS_L3S_IMOS_SRS_L3S_CS_Outer_7_34_Floating_772,115.389999,-32.070000
TEMP,IMOS_SRS_L3S_IMOS_SRS_L3S_CS_Outer_7_35_Floating_773,115.389999,-32.090000
TEMP,IMOS_SRS_L3S_IMOS_SRS_L3S_CS_Outer_7_36_Floating_774,115.389999,-32.110001
TEMP,IMOS_SRS_L3S_IMOS_SRS_L3S_CS_Outer_7_37_Floating_775,115.389999,-32.130001
TEMP,IMOS_SRS_L3S_IMOS_SRS_L3S_CS_Outer_7_38_Floating_776,115.389999,-32.150002
TEMP,IMOS_SRS_L3S_IMOS_SRS_L3S_CS_Outer_7_39_Floating_777,115.389999,-32.169998
TEMP,IMOS_SRS_L3S_IMOS_SRS_L3S_CS_Outer_7_40_Floating_778,115.389999,-32.189999
TEMP,IMOS_SRS_L3S_IMOS_SRS_L3S_CS_Outer_7_41_Floating_779,115.389999,-32.209999
TEMP,IMOS_SRS_L3S_IMOS_SRS_L3S_CS_Outer_7_42_Floating_780,115.389999,-32.230000
TEMP,IMOS_SRS_L3S_IMOS_SRS_L3S_CS_Outer_7_43_Floating_781,115.389999,-32.250000
TEMP,IMOS_SRS_L3S_IMOS_SRS_L3S_CS_Outer_7_44_Floating_782,115.389999,-32.270000
TEMP,IMOS_SRS_L3S_IMOS_SRS_L3S_CS_Outer_7_45_Floating_783,115.389999,-32.290001
TEMP,IMOS_SRS_L3S_IMOS_SRS_L3S_CS_Outer_7_46_Floating_784,115.389999,-32.310001
TEMP,IMOS_SRS_L3S_IMOS_SRS_L3S_CS_Outer_7_47_Floating_785,115.389999,-32.330002
TEMP,IMOS_SRS_L3S_IMOS_SRS_L3S_CS_Outer_7_48_Floating_786,115.389999,-32.349998
TEMP,IMOS_SRS_L3S_IMOS_SRS_L3S_CS_Outer_7_49_Floating_787,115.389999,-32.369999
TEMP,IMOS_SRS_L3S_IMOS_SRS_L3S_CS_Outer_7_50_Floating_788,115.389999,-32.389999
TEMP,IMOS_SRS_L3S_IMOS_SRS_L3S_CS_Outer_7_51_Floating_789,115.389999,-32.410000
TEMP,IMOS_SRS_L3S_IMOS_SRS_L3S_CS_Outer_7_52_Floating_790,115.389999,-32.430000
TEMP,IMOS_SRS_L3S_IMOS_SRS_L3S_CS_Outer_7_53_Floating_791,115.389999,-32.450001
TEMP,IMOS_SRS_L3S_IMOS_SRS_L3S_CS_Outer_7_54_Floating_792,115.389999,-32.470001
TEMP,IMOS_SRS_L3S_IMOS_SRS_L3S_CS_Outer_7_55_Floating_793,115.389999,-32.490002
TEMP,IMOS_SRS_L3S_IMOS_SRS_L3S_CS_Outer_7_56_Floating_794,115.389999,-32.509998
TEMP,IMOS_SRS_L3S_IMOS_SRS_L3S_CS_Outer_7_57_Floating_795,115.389999,-32.529999
TEMP,IMOS_SRS_L3S_IMOS_SRS_L3S_CS_Outer_7_58_Floating_796,115.389999,-32.549999
TEMP,IMOS_SRS_L3S_IMOS_SRS_L3S_CS_Outer_7_59_Floating_797,115.389999,-32.570000
TEMP,IMOS_SRS_L3S_IMOS_SRS_L3S_CS_Outer_7_60_Floating_798,115.389999,-32.590000
TEMP,IMOS_SRS_L3S_IMOS_SRS_L3S_CS_Outer_7_61_Floating_799,115.389999,-32.610001
TEMP,IMOS_SRS_L3S_IMOS_SRS_L3S_CS_Outer_7_62_Floating_800,115.389999,-32.630001
TEMP,IMOS_SRS_L3S_IMOS_SRS_L3S_CS_Outer_8_17_Floating_801,115.410004,-31.730000
TEMP,IMOS_SRS_L3S_IMOS_SRS_L3S_CS_Outer_8_18_Floating_802,115.410004,-31.750000
TEMP,IMOS_SRS_L3S_IMOS_SRS_L3S_CS_Outer_8_19_Floating_803,115.410004,-31.770000
TEMP,IMOS_SRS_L3S_IMOS_SRS_L3S_CS_Outer_8_20_Floating_804,115.410004,-31.790001
TEMP,IMOS_SRS_L3S_IMOS_SRS_L3S_CS_Outer_8_21_Floating_805,115.410004,-31.809999
TEMP,IMOS_SRS_L3S_IMOS_SRS_L3S_CS_Outer_8_22_Floating_806,115.410004,-31.830000
TEMP,IMOS_SRS_L3S_IMOS_SRS_L3S_CS_Outer_8_23_Floating_807,115.410004,-31.850000
TEMP,IMOS_SRS_L3S_IMOS_SRS_L3S_CS_Outer_8_24_Floating_808,115.410004,-31.870001
TEMP,IMOS_SRS_L3S_IMOS_SRS_L3S_CS_Outer_8_25_Floating_809,115.410004,-31.889999
TEMP,IMOS_SRS_L3S_IMOS_SRS_L3S_CS_Outer_8_26_Floating_810,115.410004,-31.910000
TEMP,IMOS_SRS_L3S_IMOS_SRS_L3S_CS_Outer_8_27_Floating_811,115.410004,-31.930000
TEMP,IMOS_SRS_L3S_IMOS_SRS_L3S_CS_Outer_8_28_Floating_812,115.410004,-31.950001
TEMP,IMOS_SRS_L3S_IMOS_SRS_L3S_CS_Outer_8_29_Floating_813,115.410004,-31.969999
TEMP,IMOS_SRS_L3S_IMOS_SRS_L3S_CS_Outer_8_30_Floating_814,115.410004,-31.990000
TEMP,IMOS_SRS_L3S_IMOS_SRS_L3S_CS_Outer_8_31_Floating_815,115.410004,-32.009998
TEMP,IMOS_SRS_L3S_IMOS_SRS_L3S_CS_Outer_8_32_Floating_816,115.410004,-32.029999
TEMP,IMOS_SRS_L3S_IMOS_SRS_L3S_CS_Outer_8_33_Floating_817,115.410004,-32.049999
TEMP,IMOS_SRS_L3S_IMOS_SRS_L3S_CS_Outer_8_34_Floating_818,115.410004,-32.070000
TEMP,IMOS_SRS_L3S_IMOS_SRS_L3S_CS_Outer_8_35_Floating_819,115.410004,-32.090000
TEMP,IMOS_SRS_L3S_IMOS_SRS_L3S_CS_Outer_8_36_Floating_820,115.410004,-32.110001
TEMP,IMOS_SRS_L3S_IMOS_SRS_L3S_CS_Outer_8_37_Floating_821,115.410004,-32.130001
TEMP,IMOS_SRS_L3S_IMOS_SRS_L3S_CS_Outer_8_38_Floating_822,115.410004,-32.150002
TEMP,IMOS_SRS_L3S_IMOS_SRS_L3S_CS_Outer_8_39_Floating_823,115.410004,-32.169998
TEMP,IMOS_SRS_L3S_IMOS_SRS_L3S_CS_Outer_8_40_Floating_824,115.410004,-32.189999
TEMP,IMOS_SRS_L3S_IMOS_SRS_L3S_CS_Outer_8_41_Floating_825,115.410004,-32.209999
TEMP,IMOS_SRS_L3S_IMOS_SRS_L3S_CS_Outer_8_42_Floating_826,115.410004,-32.230000
TEMP,IMOS_SRS_L3S_IMOS_SRS_L3S_CS_Outer_8_43_Floating_827,115.410004,-32.250000
TEMP,IMOS_SRS_L3S_IMOS_SRS_L3S_CS_Outer_8_44_Floating_828,115.410004,-32.270000
TEMP,IMOS_SRS_L3S_IMOS_SRS_L3S_CS_Outer_8_45_Floating_829,115.410004,-32.290001
TEMP,IMOS_SRS_L3S_IMOS_SRS_L3S_CS_Outer_8_46_Floating_830,115.410004,-32.310001
TEMP,IMOS_SRS_L3S_IMOS_SRS_L3S_CS_Outer_8_47_Floating_831,115.410004,-32.330002
TEMP,IMOS_SRS_L3S_IMOS_SRS_L3S_CS_Outer_8_48_Floating_832,115.410004,-32.349998
TEMP,IMOS_SRS_L3S_IMOS_SRS_L3S_CS_Outer_8_49_Floating_833,115.410004,-32.369999
TEMP,IMOS_SRS_L3S_IMOS_SRS_L3S_CS_Outer_8_50_Floating_834,115.410004,-32.389999
TEMP,IMOS_SRS_L3S_IMOS_SRS_L3S_CS_Outer_8_51_Floating_835,115.410004,-32.410000
TEMP,IMOS_SRS_L3S_IMOS_SRS_L3S_CS_Outer_8_52_Floating_836,115.410004,-32.430000
TEMP,IMOS_SRS_L3S_IMOS_SRS_L3S_CS_Outer_8_53_Floating_837,115.410004,-32.450001
TEMP,IMOS_SRS_L3S_IMOS_SRS_L3S_CS_Outer_8_54_Floating_838,115.410004,-32.470001
TEMP,IMOS_SRS_L3S_IMOS_SRS_L3S_CS_Outer_8_55_Floating_839,115.410004,-32.490002
TEMP,IMOS_SRS_L3S_IMOS_SRS_L3S_CS_Outer_8_56_Floating_840,115.410004,-32.509998
TEMP,IMOS_SRS_L3S_IMOS_SRS_L3S_CS_Outer_8_57_Floating_841,115.410004,-32.529999
TEMP,IMOS_SRS_L3S_IMOS_SRS_L3S_CS_Outer_8_58_Floating_842,115.410004,-32.549999
TEMP,IMOS_SRS_L3S_IMOS_SRS_L3S_CS_Outer_8_59_Floating_843,115.410004,-32.570000
TEMP,IMOS_SRS_L3S_IMOS_SRS_L3S_CS_Outer_8_60_Floating_844,115.410004,-32.590000
TEMP,IMOS_SRS_L3S_IMOS_SRS_L3S_CS_Outer_8_61_Floating_845,115.410004,-32.610001
TEMP,IMOS_SRS_L3S_IMOS_SRS_L3S_CS_Outer_8_62_Floating_846,115.410004,-32.630001
TEMP,IMOS_SRS_L3S_IMOS_SRS_L3S_CS_Outer_9_16_Floating_847,115.430000,-31.709999
TEMP,IMOS_SRS_L3S_IMOS_SRS_L3S_CS_Outer_9_17_Floating_848,115.430000,-31.730000
TEMP,IMOS_SRS_L3S_IMOS_SRS_L3S_CS_Outer_9_18_Floating_849,115.430000,-31.750000
TEMP,IMOS_SRS_L3S_IMOS_SRS_L3S_CS_Outer_9_19_Floating_850,115.430000,-31.770000
TEMP,IMOS_SRS_L3S_IMOS_SRS_L3S_CS_Outer_9_20_Floating_851,115.430000,-31.790001
TEMP,IMOS_SRS_L3S_IMOS_SRS_L3S_CS_Outer_9_21_Floating_852,115.430000,-31.809999
TEMP,IMOS_SRS_L3S_IMOS_SRS_L3S_CS_Outer_9_22_Floating_853,115.430000,-31.830000
TEMP,IMOS_SRS_L3S_IMOS_SRS_L3S_CS_Outer_9_23_Floating_854,115.430000,-31.850000
TEMP,IMOS_SRS_L3S_IMOS_SRS_L3S_CS_Outer_9_24_Floating_855,115.430000,-31.870001
TEMP,IMOS_SRS_L3S_IMOS_SRS_L3S_CS_Outer_9_25_Floating_856,115.430000,-31.889999
TEMP,IMOS_SRS_L3S_IMOS_SRS_L3S_CS_Outer_9_26_Floating_857,115.430000,-31.910000
TEMP,IMOS_SRS_L3S_IMOS_SRS_L3S_CS_Outer_9_27_Floating_858,115.430000,-31.930000
TEMP,IMOS_SRS_L3S_IMOS_SRS_L3S_CS_Outer_9_28_Floating_859,115.430000,-31.950001
TEMP,IMOS_SRS_L3S_IMOS_SRS_L3S_CS_Outer_9_29_Floating_860,115.430000,-31.969999
TEMP,IMOS_SRS_L3S_IMOS_SRS_L3S_CS_Outer_9_30_Floating_861,115.430000,-31.990000
TEMP,IMOS_SRS_L3S_IMOS_SRS_L3S_CS_Outer_9_31_Floating_862,115.430000,-32.009998
TEMP,IMOS_SRS_L3S_IMOS_SRS_L3S_CS_Outer_9_32_Floating_863,115.430000,-32.029999
TEMP,IMOS_SRS_L3S_IMOS_SRS_L3S_CS_Outer_9_33_Floating_864,115.430000,-32.049999
TEMP,IMOS_SRS_L3S_IMOS_SRS_L3S_CS_Outer_9_34_Floating_865,115.430000,-32.070000
TEMP,IMOS_SRS_L3S_IMOS_SRS_L3S_CS_Outer_9_35_Floating_866,115.430000,-32.090000
TEMP,IMOS_SRS_L3S_IMOS_SRS_L3S_CS_Outer_9_36_Floating_867,115.430000,-32.110001
TEMP,IMOS_SRS_L3S_IMOS_SRS_L3S_CS_Outer_9_37_Floating_868,115.430000,-32.130001
TEMP,IMOS_SRS_L3S_IMOS_SRS_L3S_CS_Outer_9_38_Floating_869,115.430000,-32.150002
TEMP,IMOS_SRS_L3S_IMOS_SRS_L3S_CS_Outer_9_39_Floating_870,115.430000,-32.169998
TEMP,IMOS_SRS_L3S_IMOS_SRS_L3S_CS_Outer_9_40_Floating_871,115.430000,-32.189999
TEMP,IMOS_SRS_L3S_IMOS_SRS_L3S_CS_Outer_9_41_Floating_872,115.430000,-32.209999
TEMP,IMOS_SRS_L3S_IMOS_SRS_L3S_CS_Outer_9_42_Floating_873,115.430000,-32.230000
TEMP,IMOS_SRS_L3S_IMOS_SRS_L3S_CS_Outer_9_43_Floating_874,115.430000,-32.250000
TEMP,IMOS_SRS_L3S_IMOS_SRS_L3S_CS_Outer_9_44_Floating_875,115.430000,-32.270000
TEMP,IMOS_SRS_L3S_IMOS_SRS_L3S_CS_Outer_9_45_Floating_876,115.430000,-32.290001
TEMP,IMOS_SRS_L3S_IMOS_SRS_L3S_CS_Outer_9_46_Floating_877,115.430000,-32.310001
TEMP,IMOS_SRS_L3S_IMOS_SRS_L3S_CS_Outer_9_47_Floating_878,115.430000,-32.330002
TEMP,IMOS_SRS_L3S_IMOS_SRS_L3S_CS_Outer_9_48_Floating_879,115.430000,-32.349998
TEMP,IMOS_SRS_L3S_IMOS_SRS_L3S_CS_Outer_9_49_Floating_880,115.430000,-32.369999
TEMP,IMOS_SRS_L3S_IMOS_SRS_L3S_CS_Outer_9_50_Floating_881,115.430000,-32.389999
TEMP,IMOS_SRS_L3S_IMOS_SRS_L3S_CS_Outer_9_51_Floating_882,115.430000,-32.410000
TEMP,IMOS_SRS_L3S_IMOS_SRS_L3S_CS_Outer_9_52_Floating_883,115.430000,-32.430000
TEMP,IMOS_SRS_L3S_IMOS_SRS_L3S_CS_Outer_9_53_Floating_884,115.430000,-32.450001
TEMP,IMOS_SRS_L3S_IMOS_SRS_L3S_CS_Outer_9_54_Floating_885,115.430000,-32.470001
TEMP,IMOS_SRS_L3S_IMOS_SRS_L3S_CS_Outer_9_55_Floating_886,115.430000,-32.490002
TEMP,IMOS_SRS_L3S_IMOS_SRS_L3S_CS_Outer_9_56_Floating_887,115.430000,-32.509998
TEMP,IMOS_SRS_L3S_IMOS_SRS_L3S_CS_Outer_9_57_Floating_888,115.430000,-32.529999
TEMP,IMOS_SRS_L3S_IMOS_SRS_L3S_CS_Outer_9_58_Floating_889,115.430000,-32.549999
TEMP,IMOS_SRS_L3S_IMOS_SRS_L3S_CS_Outer_9_59_Floating_890,115.430000,-32.570000
TEMP,IMOS_SRS_L3S_IMOS_SRS_L3S_CS_Outer_9_60_Floating_891,115.430000,-32.590000
TEMP,IMOS_SRS_L3S_IMOS_SRS_L3S_CS_Outer_9_61_Floating_892,115.430000,-32.610001
TEMP,IMOS_SRS_L3S_IMOS_SRS_L3S_CS_Outer_9_62_Floating_893,115.430000,-32.630001
TSSinorganic,IMOS_BGC_NRSROT_BGC_Profile_64,115.416700,-32.000000
TSSorganic,IMOS_BGC_NRSROT_BGC_Profile_65,115.416700,-32.000000
WQ_DIAG_PHY_TCHLA,IMOS_amnmprofile_NRSROT_PROFILE_Profile_7,115.400000,-32.000000
WQ_DIAG_PHY_TCHLA,IMOS_amnmprofile_WACA20_PROFILE_Profile_15,115.227600,-31.983300
WQ_DIAG_TOT_TSS,IMOS_BGC_NRSROT_BGC_Profile_66,115.416700,-32.000000
WQ_DIAG_TOT_TURBIDITY,IMOS_amnmprofile_NRSROT_PROFILE_Profile_14,115.400000,-32.000000
WQ_NIT_AMM,IMOS_BGC_NRSROT_BGC_Profile_18,115.416700,-32.000000
WQ_NIT_NIT,IMOS_BGC_NRSROT_BGC_Profile_49,115.416700,-32.000000
WQ_OXY_OXY,IMOS_amnmprofile_NRSROT_PROFILE_Profile_9,115.400000,-32.000000
WQ_OXY_OXY,IMOS_BGC_NRSROT_BGC_Profile_34,115.416700,-32.000000
WQ_PHS_FRP,IMOS_BGC_NRSROT_BGC_Profile_40,115.416700,-32.000000
WQ_SIL_RSI,IMOS_BGC_NRSROT_BGC_Profile_60,115.416700,-32.000000
